frame,track_id,x1,y1,x2,y2,confidence,class,total_cars_in_frame
3,8,559,116,577,129,0.8293626308441162,car,13
3,9,577,305,607,337,0.8293626308441162,car,13
3,11,614,235,635,255,0.8293626308441162,car,13
3,14,496,96,515,113,0.8293626308441162,car,13
3,16,543,99,563,116,0.8293626308441162,car,13
3,18,492,179,513,199,0.8293626308441162,car,13
3,19,408,39,418,48,0.8293626308441162,car,13
3,22,407,389,462,441,0.8293626308441162,car,13
3,24,636,301,665,348,0.8293626308441162,car,13
3,25,348,222,369,245,0.8293626308441162,car,13
3,29,523,84,538,105,0.8293626308441162,car,13
3,32,259,347,327,380,0.8293626308441162,car,13
3,36,567,229,594,258,0.8293626308441162,car,13
4,8,559,116,576,129,0.8293626308441162,car,13
4,9,576,304,604,334,0.8293626308441162,car,13
4,11,614,235,635,255,0.8293626308441162,car,13
4,14,496,96,516,114,0.8293626308441162,car,13
4,16,543,99,562,114,0.8293626308441162,car,13
4,18,493,179,513,199,0.8293626308441162,car,13
4,19,407,39,417,48,0.8293626308441162,car,13
4,22,406,389,461,441,0.8293626308441162,car,13
4,24,638,301,665,345,0.8293626308441162,car,13
4,25,348,222,369,245,0.8293626308441162,car,13
4,29,524,83,539,103,0.8293626308441162,car,13
4,32,257,347,327,381,0.8293626308441162,car,13
4,36,568,228,594,255,0.8293626308441162,car,13
5,8,560,116,576,128,0.8110430836677551,car,28
5,9,576,304,600,330,0.8110430836677551,car,28
5,11,613,235,635,255,0.8110430836677551,car,28
5,14,496,96,514,113,0.8110430836677551,car,28
5,16,544,99,563,114,0.8110430836677551,car,28
5,18,492,179,514,202,0.8110430836677551,car,28
5,19,408,41,418,50,0.8110430836677551,car,28
5,22,413,389,448,422,0.8110430836677551,car,28
5,24,640,301,665,341,0.8110430836677551,car,28
5,25,348,222,369,245,0.8110430836677551,car,28
5,29,525,81,539,100,0.8110430836677551,car,28
5,32,255,346,328,381,0.8110430836677551,car,28
5,36,569,227,594,252,0.8110430836677551,car,28
5,38,387,291,449,318,0.8110430836677551,car,28
5,40,612,359,665,413,0.8110430836677551,car,28
5,41,515,101,544,120,0.8110430836677551,car,28
5,42,437,273,473,296,0.8110430836677551,car,28
5,44,249,302,309,339,0.8110430836677551,car,28
5,45,614,300,659,345,0.8110430836677551,car,28
5,46,656,366,718,423,0.8110430836677551,car,28
5,47,482,107,496,118,0.8110430836677551,car,28
5,48,280,255,333,277,0.8110430836677551,car,28
5,50,469,87,481,98,0.8110430836677551,car,28
5,51,465,70,484,80,0.8110430836677551,car,28
5,52,250,276,323,298,0.8110430836677551,car,28
5,55,360,55,372,70,0.8110430836677551,car,28
5,58,494,249,526,272,0.8110430836677551,car,28
5,59,406,53,415,61,0.8110430836677551,car,28
6,8,560,116,576,128,0.8110430836677551,car,24
6,11,614,235,635,255,0.8110430836677551,car,24
6,14,496,96,514,113,0.8110430836677551,car,24
6,16,544,99,563,114,0.8110430836677551,car,24
6,18,492,180,514,202,0.8110430836677551,car,24
6,19,408,41,419,50,0.8110430836677551,car,24
6,22,415,388,444,415,0.8110430836677551,car,24
6,25,348,222,369,245,0.8110430836677551,car,24
6,32,254,346,328,381,0.8110430836677551,car,24
6,38,392,292,455,318,0.8110430836677551,car,24
6,40,612,361,667,418,0.8110430836677551,car,24
6,41,515,101,544,120,0.8110430836677551,car,24
6,42,434,273,472,296,0.8110430836677551,car,24
6,44,246,298,313,339,0.8110430836677551,car,24
6,45,616,301,663,346,0.8110430836677551,car,24
6,46,656,368,722,428,0.8110430836677551,car,24
6,47,481,107,495,118,0.8110430836677551,car,24
6,48,281,255,334,277,0.8110430836677551,car,24
6,50,468,87,480,97,0.8110430836677551,car,24
6,51,467,71,486,81,0.8110430836677551,car,24
6,52,247,274,325,298,0.8110430836677551,car,24
6,55,360,55,372,69,0.8110430836677551,car,24
6,58,494,249,526,272,0.8110430836677551,car,24
6,59,406,53,415,62,0.8110430836677551,car,24
7,8,560,116,576,127,0.8198232650756836,car,28
7,11,614,235,635,255,0.8198232650756836,car,28
7,14,496,96,513,111,0.8198232650756836,car,28
7,16,544,99,563,113,0.8198232650756836,car,28
7,18,492,180,514,202,0.8198232650756836,car,28
7,19,410,44,420,52,0.8198232650756836,car,28
7,22,417,388,439,409,0.8198232650756836,car,28
7,25,348,222,369,245,0.8198232650756836,car,28
7,32,255,346,327,381,0.8198232650756836,car,28
7,38,402,287,476,318,0.8198232650756836,car,28
7,40,613,364,683,436,0.8198232650756836,car,28
7,41,515,100,544,119,0.8198232650756836,car,28
7,42,430,272,469,297,0.8198232650756836,car,28
7,44,264,296,319,328,0.8198232650756836,car,28
7,45,616,301,672,357,0.8198232650756836,car,28
7,46,656,370,727,435,0.8198232650756836,car,28
7,47,478,102,493,114,0.8198232650756836,car,28
7,48,281,255,333,277,0.8198232650756836,car,28
7,50,463,84,476,95,0.8198232650756836,car,28
7,51,474,71,493,81,0.8198232650756836,car,28
7,52,255,279,318,299,0.8198232650756836,car,28
7,55,360,55,372,70,0.8198232650756836,car,28
7,58,494,249,526,272,0.8198232650756836,car,28
7,59,406,53,415,62,0.8198232650756836,car,28
7,60,449,67,465,77,0.8198232650756836,car,28
7,64,586,320,619,356,0.8198232650756836,car,28
7,66,438,61,449,70,0.8198232650756836,car,28
7,70,420,56,432,64,0.8198232650756836,car,28
8,8,560,116,575,127,0.8198232650756836,car,23
8,11,614,235,635,255,0.8198232650756836,car,23
8,14,497,96,513,111,0.8198232650756836,car,23
8,16,544,99,563,113,0.8198232650756836,car,23
8,18,492,180,514,202,0.8198232650756836,car,23
8,19,411,44,420,53,0.8198232650756836,car,23
8,25,348,222,369,244,0.8198232650756836,car,23
8,32,256,347,327,381,0.8198232650756836,car,23
8,38,406,286,482,318,0.8198232650756836,car,23
8,40,614,366,688,441,0.8198232650756836,car,23
8,41,515,100,544,119,0.8198232650756836,car,23
8,44,273,296,321,323,0.8198232650756836,car,23
8,45,617,301,675,360,0.8198232650756836,car,23
8,47,477,101,492,113,0.8198232650756836,car,23
8,48,281,255,333,277,0.8198232650756836,car,23
8,50,461,84,474,95,0.8198232650756836,car,23
8,51,477,72,495,81,0.8198232650756836,car,23
8,52,259,282,314,299,0.8198232650756836,car,23
8,55,360,55,372,70,0.8198232650756836,car,23
8,60,451,67,467,77,0.8198232650756836,car,23
8,64,588,323,621,359,0.8198232650756836,car,23
8,66,438,61,450,71,0.8198232650756836,car,23
8,70,420,56,433,64,0.8198232650756836,car,23
9,8,559,116,575,128,0.7802980542182922,car,25
9,11,614,235,635,255,0.7802980542182922,car,25
9,14,497,96,513,111,0.7802980542182922,car,25
9,16,541,99,567,118,0.7802980542182922,car,25
9,18,492,180,514,203,0.7802980542182922,car,25
9,19,411,45,421,54,0.7802980542182922,car,25
9,25,347,222,369,244,0.7802980542182922,car,25
9,32,255,346,327,381,0.7802980542182922,car,25
9,38,419,289,488,318,0.7802980542182922,car,25
9,40,614,366,675,429,0.7802980542182922,car,25
9,41,515,100,544,120,0.7802980542182922,car,25
9,44,275,292,325,320,0.7802980542182922,car,25
9,45,619,302,680,364,0.7802980542182922,car,25
9,47,474,98,489,110,0.7802980542182922,car,25
9,48,280,255,334,277,0.7802980542182922,car,25
9,50,456,82,470,93,0.7802980542182922,car,25
9,51,484,72,502,82,0.7802980542182922,car,25
9,52,258,281,316,299,0.7802980542182922,car,25
9,55,360,55,372,69,0.7802980542182922,car,25
9,60,457,68,473,78,0.7802980542182922,car,25
9,64,592,328,625,365,0.7802980542182922,car,25
9,66,439,63,452,73,0.7802980542182922,car,25
9,70,419,57,432,65,0.7802980542182922,car,25
9,78,478,310,494,325,0.7802980542182922,car,25
9,79,257,314,298,338,0.7802980542182922,car,25
10,8,558,116,575,128,0.7802980542182922,car,21
10,11,614,235,635,256,0.7802980542182922,car,21
10,16,541,98,568,119,0.7802980542182922,car,21
10,18,493,181,515,203,0.7802980542182922,car,21
10,19,411,45,422,54,0.7802980542182922,car,21
10,25,347,221,369,244,0.7802980542182922,car,21
10,32,255,345,327,381,0.7802980542182922,car,21
10,38,424,290,490,318,0.7802980542182922,car,21
10,40,615,366,669,422,0.7802980542182922,car,21
10,41,515,100,545,120,0.7802980542182922,car,21
10,47,473,97,488,109,0.7802980542182922,car,21
10,48,280,255,334,277,0.7802980542182922,car,21
10,50,455,82,468,92,0.7802980542182922,car,21
10,51,486,72,504,82,0.7802980542182922,car,21
10,52,258,281,316,298,0.7802980542182922,car,21
10,60,458,69,475,78,0.7802980542182922,car,21
10,64,593,330,627,366,0.7802980542182922,car,21
10,66,440,64,453,74,0.7802980542182922,car,21
10,70,418,57,432,66,0.7802980542182922,car,21
10,78,478,310,495,326,0.7802980542182922,car,21
10,79,257,314,298,338,0.7802980542182922,car,21
11,8,559,116,575,127,0.7682868838310242,car,28
11,11,600,235,646,283,0.7682868838310242,car,28
11,16,541,98,568,119,0.7682868838310242,car,28
11,18,493,182,516,205,0.7682868838310242,car,28
11,19,412,46,423,55,0.7682868838310242,car,28
11,24,638,301,665,345,0.7682868838310242,car,28
11,25,347,221,369,245,0.7682868838310242,car,28
11,32,254,345,327,381,0.7682868838310242,car,28
11,38,429,291,493,318,0.7682868838310242,car,28
11,40,607,347,676,419,0.7682868838310242,car,28
11,41,515,100,544,120,0.7682868838310242,car,28
11,47,471,94,485,106,0.7682868838310242,car,28
11,48,279,254,335,277,0.7682868838310242,car,28
11,50,447,80,461,90,0.7682868838310242,car,28
11,51,495,73,512,82,0.7682868838310242,car,28
11,52,258,281,316,299,0.7682868838310242,car,28
11,60,465,69,482,79,0.7682868838310242,car,28
11,64,598,335,634,372,0.7682868838310242,car,28
11,66,444,65,457,76,0.7682868838310242,car,28
11,70,419,57,432,66,0.7682868838310242,car,28
11,78,477,310,495,327,0.7682868838310242,car,28
11,79,256,313,298,338,0.7682868838310242,car,28
11,85,622,221,667,255,0.7682868838310242,car,28
11,87,582,255,620,297,0.7682868838310242,car,28
11,89,319,289,374,321,0.7682868838310242,car,28
11,90,423,257,448,283,0.7682868838310242,car,28
11,91,408,389,451,411,0.7682868838310242,car,28
11,92,488,106,503,120,0.7682868838310242,car,28
12,8,560,116,576,127,0.7682868838310242,car,27
12,11,598,235,649,292,0.7682868838310242,car,27
12,16,541,99,567,118,0.7682868838310242,car,27
12,18,493,182,516,205,0.7682868838310242,car,27
12,19,412,46,424,56,0.7682868838310242,car,27
12,24,638,301,665,345,0.7682868838310242,car,27
12,25,347,221,369,245,0.7682868838310242,car,27
12,32,254,345,327,381,0.7682868838310242,car,27
12,38,430,291,494,318,0.7682868838310242,car,27
12,40,605,341,678,419,0.7682868838310242,car,27
12,41,515,100,544,120,0.7682868838310242,car,27
12,47,470,92,484,104,0.7682868838310242,car,27
12,48,278,254,335,277,0.7682868838310242,car,27
12,50,445,80,458,89,0.7682868838310242,car,27
12,51,498,74,514,82,0.7682868838310242,car,27
12,52,257,281,316,299,0.7682868838310242,car,27
12,60,467,70,485,80,0.7682868838310242,car,27
12,64,600,336,636,374,0.7682868838310242,car,27
12,66,445,66,459,76,0.7682868838310242,car,27
12,70,419,58,432,66,0.7682868838310242,car,27
12,79,256,313,298,338,0.7682868838310242,car,27
12,85,619,218,666,253,0.7682868838310242,car,27
12,87,583,256,622,299,0.7682868838310242,car,27
12,89,322,289,377,320,0.7682868838310242,car,27
12,90,423,257,448,284,0.7682868838310242,car,27
12,91,408,389,451,411,0.7682868838310242,car,27
12,92,488,106,502,119,0.7682868838310242,car,27
13,8,560,116,575,126,0.7536410093307495,car,32
13,11,596,235,650,296,0.7536410093307495,car,32
13,14,497,96,513,111,0.7536410093307495,car,32
13,16,540,98,568,119,0.7536410093307495,car,32
13,18,495,184,517,207,0.7536410093307495,car,32
13,19,412,47,424,57,0.7536410093307495,car,32
13,24,638,301,665,345,0.7536410093307495,car,32
13,25,347,221,369,245,0.7536410093307495,car,32
13,29,521,80,539,105,0.7536410093307495,car,32
13,32,255,345,327,381,0.7536410093307495,car,32
13,38,435,291,496,317,0.7536410093307495,car,32
13,40,605,339,677,419,0.7536410093307495,car,32
13,41,515,100,545,120,0.7536410093307495,car,32
13,46,655,364,718,422,0.7536410093307495,car,32
13,47,468,90,483,102,0.7536410093307495,car,32
13,48,279,253,335,277,0.7536410093307495,car,32
13,50,442,79,455,88,0.7536410093307495,car,32
13,51,507,74,523,82,0.7536410093307495,car,32
13,52,258,281,304,295,0.7536410093307495,car,32
13,60,473,70,491,80,0.7536410093307495,car,32
13,64,602,339,639,378,0.7536410093307495,car,32
13,66,450,67,464,77,0.7536410093307495,car,32
13,70,419,58,432,66,0.7536410093307495,car,32
13,79,257,314,298,338,0.7536410093307495,car,32
13,85,615,214,664,252,0.7536410093307495,car,32
13,87,578,246,634,308,0.7536410093307495,car,32
13,89,328,290,381,321,0.7536410093307495,car,32
13,90,423,258,449,284,0.7536410093307495,car,32
13,91,407,389,452,412,0.7536410093307495,car,32
13,92,484,100,500,115,0.7536410093307495,car,32
13,95,530,222,564,252,0.7536410093307495,car,32
13,97,455,384,492,402,0.7536410093307495,car,32
14,8,560,116,575,125,0.7536410093307495,car,25
14,14,497,96,513,111,0.7536410093307495,car,25
14,16,540,98,568,119,0.7536410093307495,car,25
14,18,495,185,518,208,0.7536410093307495,car,25
14,19,412,47,425,58,0.7536410093307495,car,25
14,24,638,301,665,345,0.7536410093307495,car,25
14,25,347,221,369,245,0.7536410093307495,car,25
14,29,521,80,540,105,0.7536410093307495,car,25
14,32,255,345,327,381,0.7536410093307495,car,25
14,38,437,291,497,317,0.7536410093307495,car,25
14,40,605,339,676,419,0.7536410093307495,car,25
14,41,515,100,545,120,0.7536410093307495,car,25
14,46,655,363,716,419,0.7536410093307495,car,25
14,48,279,253,335,277,0.7536410093307495,car,25
14,51,510,74,526,82,0.7536410093307495,car,25
14,52,259,281,299,293,0.7536410093307495,car,25
14,60,476,71,493,81,0.7536410093307495,car,25
14,66,452,68,466,78,0.7536410093307495,car,25
14,70,419,58,432,66,0.7536410093307495,car,25
14,79,257,314,298,338,0.7536410093307495,car,25
14,87,576,242,638,311,0.7536410093307495,car,25
14,89,329,291,383,321,0.7536410093307495,car,25
14,92,482,98,499,114,0.7536410093307495,car,25
14,95,532,223,564,251,0.7536410093307495,car,25
14,97,455,384,492,402,0.7536410093307495,car,25
15,8,560,115,574,125,0.8065946698188782,car,29
15,14,498,95,512,108,0.8065946698188782,car,29
15,16,539,98,567,119,0.8065946698188782,car,29
15,18,497,188,520,211,0.8065946698188782,car,29
15,19,414,48,426,58,0.8065946698188782,car,29
15,24,638,301,665,346,0.8065946698188782,car,29
15,25,347,221,369,245,0.8065946698188782,car,29
15,29,521,80,540,105,0.8065946698188782,car,29
15,32,255,346,326,381,0.8065946698188782,car,29
15,38,443,291,498,316,0.8065946698188782,car,29
15,40,604,337,678,420,0.8065946698188782,car,29
15,41,515,100,544,120,0.8065946698188782,car,29
15,46,648,363,723,432,0.8065946698188782,car,29
15,48,276,249,339,277,0.8065946698188782,car,29
15,51,514,74,531,82,0.8065946698188782,car,29
15,52,257,281,312,298,0.8065946698188782,car,29
15,60,483,71,501,81,0.8065946698188782,car,29
15,66,457,68,472,79,0.8065946698188782,car,29
15,70,419,58,432,66,0.8065946698188782,car,29
15,78,478,310,494,324,0.8065946698188782,car,29
15,79,258,315,298,339,0.8065946698188782,car,29
15,87,576,240,642,315,0.8065946698188782,car,29
15,89,333,290,384,318,0.8065946698188782,car,29
15,90,423,260,448,287,0.8065946698188782,car,29
15,92,479,94,497,112,0.8065946698188782,car,29
15,95,535,225,563,250,0.8065946698188782,car,29
15,97,455,384,492,402,0.8065946698188782,car,29
15,100,612,235,630,255,0.8065946698188782,car,29
15,101,408,266,417,291,0.8065946698188782,car,29
16,8,560,115,574,125,0.8065946698188782,car,24
16,14,498,95,512,107,0.8065946698188782,car,24
16,16,539,98,567,120,0.8065946698188782,car,24
16,18,498,189,521,213,0.8065946698188782,car,24
16,19,414,48,426,58,0.8065946698188782,car,24
16,24,638,301,665,346,0.8065946698188782,car,24
16,25,347,221,369,244,0.8065946698188782,car,24
16,29,521,80,540,105,0.8065946698188782,car,24
16,32,255,346,326,381,0.8065946698188782,car,24
16,38,445,291,499,316,0.8065946698188782,car,24
16,41,514,100,544,120,0.8065946698188782,car,24
16,46,646,363,725,436,0.8065946698188782,car,24
16,48,275,248,340,277,0.8065946698188782,car,24
16,52,256,281,316,299,0.8065946698188782,car,24
16,60,485,71,503,81,0.8065946698188782,car,24
16,66,459,69,474,79,0.8065946698188782,car,24
16,78,478,310,494,324,0.8065946698188782,car,24
16,79,258,315,298,339,0.8065946698188782,car,24
16,89,334,289,384,317,0.8065946698188782,car,24
16,90,423,261,448,287,0.8065946698188782,car,24
16,92,477,92,496,111,0.8065946698188782,car,24
16,97,455,384,493,402,0.8065946698188782,car,24
16,100,612,236,629,255,0.8065946698188782,car,24
16,101,408,266,417,293,0.8065946698188782,car,24
17,8,559,116,574,125,0.7736652493476868,car,33
17,14,498,95,512,107,0.7736652493476868,car,33
17,16,538,98,567,120,0.7736652493476868,car,33
17,18,499,190,522,214,0.7736652493476868,car,33
17,19,415,49,426,59,0.7736652493476868,car,33
17,24,640,301,667,346,0.7736652493476868,car,33
17,25,347,221,369,244,0.7736652493476868,car,33
17,29,521,80,540,104,0.7736652493476868,car,33
17,32,255,346,326,381,0.7736652493476868,car,33
17,38,448,290,503,316,0.7736652493476868,car,33
17,41,515,100,544,120,0.7736652493476868,car,33
17,46,650,366,731,440,0.7736652493476868,car,33
17,48,277,250,338,277,0.7736652493476868,car,33
17,52,256,281,317,300,0.7736652493476868,car,33
17,60,492,72,510,81,0.7736652493476868,car,33
17,66,464,69,480,80,0.7736652493476868,car,33
17,78,478,310,494,324,0.7736652493476868,car,33
17,79,259,316,297,339,0.7736652493476868,car,33
17,89,333,290,385,319,0.7736652493476868,car,33
17,90,422,261,449,289,0.7736652493476868,car,33
17,92,477,90,495,108,0.7736652493476868,car,33
17,97,456,385,493,402,0.7736652493476868,car,33
17,100,611,236,628,255,0.7736652493476868,car,33
17,101,407,265,418,295,0.7736652493476868,car,33
17,109,536,236,584,271,0.7736652493476868,car,33
17,110,443,65,460,75,0.7736652493476868,car,33
17,111,565,121,583,133,0.7736652493476868,car,33
17,112,386,279,420,300,0.7736652493476868,car,33
17,115,616,273,638,328,0.7736652493476868,car,33
17,116,602,332,750,441,0.7736652493476868,car,33
17,118,499,101,515,117,0.7736652493476868,car,33
17,119,501,87,513,97,0.7736652493476868,car,33
17,120,449,32,465,45,0.7736652493476868,car,33
18,8,559,116,574,125,0.7736652493476868,car,26
18,24,641,301,667,346,0.7736652493476868,car,26
18,25,347,221,369,244,0.7736652493476868,car,26
18,29,521,80,540,104,0.7736652493476868,car,26
18,32,255,346,326,381,0.7736652493476868,car,26
18,38,450,290,504,316,0.7736652493476868,car,26
18,41,515,100,544,120,0.7736652493476868,car,26
18,46,651,367,733,441,0.7736652493476868,car,26
18,48,278,251,337,277,0.7736652493476868,car,26
18,52,256,281,317,300,0.7736652493476868,car,26
18,60,495,72,512,82,0.7736652493476868,car,26
18,66,466,69,482,80,0.7736652493476868,car,26
18,78,479,310,494,324,0.7736652493476868,car,26
18,79,259,317,297,339,0.7736652493476868,car,26
18,89,333,290,385,319,0.7736652493476868,car,26
18,90,422,261,450,290,0.7736652493476868,car,26
18,92,478,90,495,107,0.7736652493476868,car,26
18,109,538,238,585,272,0.7736652493476868,car,26
18,110,443,65,461,76,0.7736652493476868,car,26
18,111,565,121,583,133,0.7736652493476868,car,26
18,112,386,280,421,302,0.7736652493476868,car,26
18,115,616,276,639,331,0.7736652493476868,car,26
18,116,599,342,733,441,0.7736652493476868,car,26
18,118,499,102,514,117,0.7736652493476868,car,26
18,119,501,87,513,97,0.7736652493476868,car,26
18,120,448,31,465,45,0.7736652493476868,car,26
19,8,560,116,574,125,0.7758415341377258,car,29
19,24,641,301,668,345,0.7758415341377258,car,29
19,25,347,221,369,244,0.7758415341377258,car,29
19,29,521,80,540,104,0.7758415341377258,car,29
19,32,255,345,326,381,0.7758415341377258,car,29
19,38,456,290,502,314,0.7758415341377258,car,29
19,40,602,340,691,440,0.7758415341377258,car,29
19,41,515,100,544,120,0.7758415341377258,car,29
19,46,655,368,737,441,0.7758415341377258,car,29
19,48,279,251,336,277,0.7758415341377258,car,29
19,52,256,281,317,300,0.7758415341377258,car,29
19,60,504,73,522,82,0.7758415341377258,car,29
19,66,472,70,488,80,0.7758415341377258,car,29
19,78,479,310,494,324,0.7758415341377258,car,29
19,79,256,312,301,339,0.7758415341377258,car,29
19,89,333,289,385,318,0.7758415341377258,car,29
19,90,423,262,451,292,0.7758415341377258,car,29
19,92,477,88,494,105,0.7758415341377258,car,29
19,97,455,384,493,402,0.7758415341377258,car,29
19,109,542,243,596,282,0.7758415341377258,car,29
19,110,449,67,466,76,0.7758415341377258,car,29
19,111,565,121,584,133,0.7758415341377258,car,29
19,112,382,280,431,311,0.7758415341377258,car,29
19,115,617,279,641,335,0.7758415341377258,car,29
19,116,594,354,712,441,0.7758415341377258,car,29
19,118,498,100,514,116,0.7758415341377258,car,29
19,119,501,87,513,97,0.7758415341377258,car,29
19,120,445,29,461,43,0.7758415341377258,car,29
19,121,487,217,521,255,0.7758415341377258,car,29
20,8,560,116,574,125,0.7758415341377258,car,25
20,25,347,221,369,244,0.7758415341377258,car,25
20,29,521,80,540,104,0.7758415341377258,car,25
20,32,256,345,326,381,0.7758415341377258,car,25
20,38,459,290,501,313,0.7758415341377258,car,25
20,40,602,341,692,441,0.7758415341377258,car,25
20,41,515,100,544,120,0.7758415341377258,car,25
20,46,656,368,738,441,0.7758415341377258,car,25
20,48,280,252,335,277,0.7758415341377258,car,25
20,52,256,281,317,300,0.7758415341377258,car,25
20,60,507,73,525,82,0.7758415341377258,car,25
20,66,474,70,490,81,0.7758415341377258,car,25
20,78,479,310,493,324,0.7758415341377258,car,25
20,79,256,311,303,339,0.7758415341377258,car,25
20,89,333,289,385,317,0.7758415341377258,car,25
20,90,423,263,452,294,0.7758415341377258,car,25
20,92,477,88,494,105,0.7758415341377258,car,25
20,97,455,384,493,402,0.7758415341377258,car,25
20,109,544,244,600,285,0.7758415341377258,car,25
20,110,450,67,467,77,0.7758415341377258,car,25
20,111,565,121,584,134,0.7758415341377258,car,25
20,112,381,280,434,314,0.7758415341377258,car,25
20,118,498,100,514,115,0.7758415341377258,car,25
20,120,444,29,460,42,0.7758415341377258,car,25
20,121,486,218,520,255,0.7758415341377258,car,25
21,8,560,116,574,125,0.8459434509277344,car,30
21,14,498,95,512,107,0.8459434509277344,car,30
21,19,415,50,428,60,0.8459434509277344,car,30
21,25,347,221,369,244,0.8459434509277344,car,30
21,29,521,80,540,104,0.8459434509277344,car,30
21,32,256,345,326,381,0.8459434509277344,car,30
21,38,461,289,502,313,0.8459434509277344,car,30
21,40,602,341,677,427,0.8459434509277344,car,30
21,41,515,101,544,120,0.8459434509277344,car,30
21,46,657,369,740,441,0.8459434509277344,car,30
21,48,281,254,333,277,0.8459434509277344,car,30
21,52,256,281,318,300,0.8459434509277344,car,30
21,60,515,73,533,82,0.8459434509277344,car,30
21,66,479,71,496,81,0.8459434509277344,car,30
21,70,416,57,431,66,0.8459434509277344,car,30
21,78,479,310,493,324,0.8459434509277344,car,30
21,79,255,310,303,339,0.8459434509277344,car,30
21,89,333,289,386,317,0.8459434509277344,car,30
21,90,426,270,453,299,0.8459434509277344,car,30
21,91,409,389,450,411,0.8459434509277344,car,30
21,92,478,87,494,103,0.8459434509277344,car,30
21,97,455,384,493,402,0.8459434509277344,car,30
21,109,531,245,624,316,0.8459434509277344,car,30
21,110,457,69,473,78,0.8459434509277344,car,30
21,111,565,121,584,134,0.8459434509277344,car,30
21,112,383,288,440,326,0.8459434509277344,car,30
21,118,499,104,513,117,0.8459434509277344,car,30
21,120,443,28,459,41,0.8459434509277344,car,30
21,121,486,219,518,255,0.8459434509277344,car,30
21,131,267,304,306,328,0.8459434509277344,car,30
22,14,498,95,512,107,0.8459434509277344,car,26
22,19,415,50,428,60,0.8459434509277344,car,26
22,25,347,221,369,244,0.8459434509277344,car,26
22,29,521,80,540,104,0.8459434509277344,car,26
22,32,256,345,326,381,0.8459434509277344,car,26
22,38,462,289,502,313,0.8459434509277344,car,26
22,40,601,342,671,421,0.8459434509277344,car,26
22,41,515,101,543,120,0.8459434509277344,car,26
22,48,281,254,333,277,0.8459434509277344,car,26
22,52,255,281,318,300,0.8459434509277344,car,26
22,60,518,73,535,82,0.8459434509277344,car,26
22,66,481,71,498,81,0.8459434509277344,car,26
22,70,416,56,431,66,0.8459434509277344,car,26
22,78,479,310,493,324,0.8459434509277344,car,26
22,79,255,310,303,339,0.8459434509277344,car,26
22,89,333,289,386,317,0.8459434509277344,car,26
22,90,426,273,453,302,0.8459434509277344,car,26
22,91,409,389,450,411,0.8459434509277344,car,26
22,92,478,86,494,103,0.8459434509277344,car,26
22,97,455,384,493,402,0.8459434509277344,car,26
22,109,529,246,631,326,0.8459434509277344,car,26
22,110,459,69,475,78,0.8459434509277344,car,26
22,111,565,120,584,134,0.8459434509277344,car,26
22,112,385,292,442,331,0.8459434509277344,car,26
22,118,499,105,513,117,0.8459434509277344,car,26
22,131,266,304,305,327,0.8459434509277344,car,26
23,8,560,115,574,124,0.7682085633277893,car,33
23,14,497,95,512,108,0.7682085633277893,car,33
23,16,536,97,565,120,0.7682085633277893,car,33
23,19,415,50,428,60,0.7682085633277893,car,33
23,25,347,221,369,244,0.7682085633277893,car,33
23,29,521,80,540,105,0.7682085633277893,car,33
23,32,256,346,326,381,0.7682085633277893,car,33
23,38,466,291,500,312,0.7682085633277893,car,33
23,40,600,340,671,421,0.7682085633277893,car,33
23,41,516,101,544,120,0.7682085633277893,car,33
23,48,282,255,333,277,0.7682085633277893,car,33
23,52,255,280,318,300,0.7682085633277893,car,33
23,60,522,73,540,82,0.7682085633277893,car,33
23,66,487,72,505,81,0.7682085633277893,car,33
23,70,416,56,431,66,0.7682085633277893,car,33
23,78,479,310,493,324,0.7682085633277893,car,33
23,79,257,314,299,339,0.7682085633277893,car,33
23,89,334,289,387,318,0.7682085633277893,car,33
23,90,429,280,456,310,0.7682085633277893,car,33
23,91,409,389,450,411,0.7682085633277893,car,33
23,92,479,86,495,102,0.7682085633277893,car,33
23,97,455,384,493,402,0.7682085633277893,car,33
23,100,615,235,633,256,0.7682085633277893,car,33
23,109,528,249,639,335,0.7682085633277893,car,33
23,110,463,70,480,79,0.7682085633277893,car,33
23,111,565,121,584,134,0.7682085633277893,car,33
23,112,384,293,446,336,0.7682085633277893,car,33
23,118,498,106,511,117,0.7682085633277893,car,33
23,120,438,25,453,38,0.7682085633277893,car,33
23,131,265,304,303,327,0.7682085633277893,car,33
23,137,518,218,544,247,0.7682085633277893,car,33
23,139,629,300,680,369,0.7682085633277893,car,33
23,140,657,370,694,401,0.7682085633277893,car,33
24,8,560,115,574,124,0.7682085633277893,car,29
24,14,497,95,512,108,0.7682085633277893,car,29
24,16,536,97,565,120,0.7682085633277893,car,29
24,19,415,50,428,60,0.7682085633277893,car,29
24,25,347,221,369,244,0.7682085633277893,car,29
24,29,520,80,540,105,0.7682085633277893,car,29
24,32,256,346,326,381,0.7682085633277893,car,29
24,38,468,292,498,312,0.7682085633277893,car,29
24,40,599,340,670,421,0.7682085633277893,car,29
24,41,516,101,544,120,0.7682085633277893,car,29
24,48,282,255,333,277,0.7682085633277893,car,29
24,52,255,280,318,300,0.7682085633277893,car,29
24,66,489,72,507,82,0.7682085633277893,car,29
24,78,479,310,493,324,0.7682085633277893,car,29
24,79,258,315,297,339,0.7682085633277893,car,29
24,89,334,290,387,318,0.7682085633277893,car,29
24,90,429,282,457,313,0.7682085633277893,car,29
24,91,409,389,450,411,0.7682085633277893,car,29
24,92,479,86,495,102,0.7682085633277893,car,29
24,97,455,384,493,403,0.7682085633277893,car,29
24,100,615,235,633,256,0.7682085633277893,car,29
24,110,464,70,482,79,0.7682085633277893,car,29
24,111,565,121,584,134,0.7682085633277893,car,29
24,118,497,106,511,117,0.7682085633277893,car,29
24,120,437,25,452,37,0.7682085633277893,car,29
24,131,264,304,303,327,0.7682085633277893,car,29
24,137,519,220,545,249,0.7682085633277893,car,29
24,139,631,301,683,372,0.7682085633277893,car,29
24,140,658,370,693,401,0.7682085633277893,car,29
25,8,560,115,574,124,0.7387393116950989,car,31
25,14,498,95,512,107,0.7387393116950989,car,31
25,16,535,97,565,120,0.7387393116950989,car,31
25,19,416,51,428,60,0.7387393116950989,car,31
25,25,347,221,369,244,0.7387393116950989,car,31
25,29,520,80,540,105,0.7387393116950989,car,31
25,32,256,345,326,381,0.7387393116950989,car,31
25,38,471,293,498,311,0.7387393116950989,car,31
25,40,615,361,668,421,0.7387393116950989,car,31
25,41,515,101,543,120,0.7387393116950989,car,31
25,48,282,255,333,277,0.7387393116950989,car,31
25,52,256,280,318,300,0.7387393116950989,car,31
25,66,493,73,510,82,0.7387393116950989,car,31
25,78,480,311,493,323,0.7387393116950989,car,31
25,79,258,316,297,339,0.7387393116950989,car,31
25,89,337,290,389,317,0.7387393116950989,car,31
25,90,433,292,461,323,0.7387393116950989,car,31
25,91,409,389,450,411,0.7387393116950989,car,31
25,92,479,86,494,102,0.7387393116950989,car,31
25,97,455,384,493,402,0.7387393116950989,car,31
25,100,615,235,634,256,0.7387393116950989,car,31
25,110,470,70,488,80,0.7387393116950989,car,31
25,111,564,121,583,134,0.7387393116950989,car,31
25,115,634,301,667,381,0.7387393116950989,car,31
25,118,495,106,509,117,0.7387393116950989,car,31
25,120,436,24,450,36,0.7387393116950989,car,31
25,131,264,304,303,326,0.7387393116950989,car,31
25,137,520,222,547,252,0.7387393116950989,car,31
25,139,643,300,682,350,0.7387393116950989,car,31
25,140,659,372,693,401,0.7387393116950989,car,31
25,145,601,342,640,380,0.7387393116950989,car,31
26,14,498,95,512,107,0.7387393116950989,car,26
26,19,416,51,428,60,0.7387393116950989,car,26
26,25,347,221,369,244,0.7387393116950989,car,26
26,32,256,345,326,381,0.7387393116950989,car,26
26,38,472,293,497,311,0.7387393116950989,car,26
26,40,621,369,668,421,0.7387393116950989,car,26
26,41,515,101,543,120,0.7387393116950989,car,26
26,48,281,255,332,277,0.7387393116950989,car,26
26,52,256,280,317,300,0.7387393116950989,car,26
26,66,495,73,511,82,0.7387393116950989,car,26
26,78,480,311,493,323,0.7387393116950989,car,26
26,79,258,316,297,339,0.7387393116950989,car,26
26,89,338,290,390,317,0.7387393116950989,car,26
26,90,434,295,462,327,0.7387393116950989,car,26
26,91,409,389,450,411,0.7387393116950989,car,26
26,92,479,86,494,102,0.7387393116950989,car,26
26,97,454,384,493,402,0.7387393116950989,car,26
26,100,615,235,634,256,0.7387393116950989,car,26
26,110,472,70,490,80,0.7387393116950989,car,26
26,111,564,121,583,134,0.7387393116950989,car,26
26,115,635,302,668,383,0.7387393116950989,car,26
26,118,494,106,509,117,0.7387393116950989,car,26
26,131,264,304,303,326,0.7387393116950989,car,26
26,139,647,299,681,341,0.7387393116950989,car,26
26,140,659,373,692,401,0.7387393116950989,car,26
26,145,602,342,641,380,0.7387393116950989,car,26
27,8,560,116,574,124,0.8291049003601074,car,27
27,14,498,95,512,106,0.8291049003601074,car,27
27,19,416,51,428,60,0.8291049003601074,car,27
27,25,347,221,369,244,0.8291049003601074,car,27
27,32,256,345,326,381,0.8291049003601074,car,27
27,38,474,294,498,311,0.8291049003601074,car,27
27,40,610,347,679,425,0.8291049003601074,car,27
27,41,515,101,543,120,0.8291049003601074,car,27
27,48,278,255,328,277,0.8291049003601074,car,27
27,52,256,280,317,300,0.8291049003601074,car,27
27,66,504,73,520,82,0.8291049003601074,car,27
27,78,479,310,493,323,0.8291049003601074,car,27
27,79,256,312,300,339,0.8291049003601074,car,27
27,89,344,290,395,316,0.8291049003601074,car,27
27,90,435,298,464,331,0.8291049003601074,car,27
27,91,407,389,445,410,0.8291049003601074,car,27
27,92,479,86,494,101,0.8291049003601074,car,27
27,97,455,384,493,402,0.8291049003601074,car,27
27,100,615,235,633,255,0.8291049003601074,car,27
27,110,477,71,496,81,0.8291049003601074,car,27
27,111,564,120,583,134,0.8291049003601074,car,27
27,115,649,320,682,395,0.8291049003601074,car,27
27,118,491,106,507,116,0.8291049003601074,car,27
27,131,264,304,303,325,0.8291049003601074,car,27
27,139,652,299,676,326,0.8291049003601074,car,27
27,140,660,374,692,401,0.8291049003601074,car,27
27,145,604,343,640,378,0.8291049003601074,car,27
28,8,560,116,574,124,0.8291049003601074,car,23
28,14,498,95,512,105,0.8291049003601074,car,23
28,19,416,51,428,61,0.8291049003601074,car,23
28,25,347,221,369,244,0.8291049003601074,car,23
28,32,256,345,326,381,0.8291049003601074,car,23
28,40,607,341,681,427,0.8291049003601074,car,23
28,41,514,101,543,120,0.8291049003601074,car,23
28,48,277,255,326,277,0.8291049003601074,car,23
28,52,257,280,316,300,0.8291049003601074,car,23
28,66,507,73,524,82,0.8291049003601074,car,23
28,78,479,310,493,323,0.8291049003601074,car,23
28,79,256,311,301,339,0.8291049003601074,car,23
28,89,347,290,397,316,0.8291049003601074,car,23
28,91,406,389,443,409,0.8291049003601074,car,23
28,92,480,86,494,101,0.8291049003601074,car,23
28,100,615,235,633,255,0.8291049003601074,car,23
28,110,479,71,498,81,0.8291049003601074,car,23
28,111,564,120,583,134,0.8291049003601074,car,23
28,115,654,327,688,400,0.8291049003601074,car,23
28,118,490,105,507,116,0.8291049003601074,car,23
28,131,264,304,303,325,0.8291049003601074,car,23
28,139,658,299,675,319,0.8291049003601074,car,23
28,145,604,344,641,378,0.8291049003601074,car,23
29,8,560,116,574,124,0.8167169690132141,car,26
29,14,496,95,514,110,0.8167169690132141,car,26
29,19,416,51,428,61,0.8167169690132141,car,26
29,25,347,221,369,244,0.8167169690132141,car,26
29,29,520,80,540,105,0.8167169690132141,car,26
29,32,257,346,326,381,0.8167169690132141,car,26
29,40,606,338,683,428,0.8167169690132141,car,26
29,41,514,101,544,120,0.8167169690132141,car,26
29,48,277,255,326,277,0.8167169690132141,car,26
29,52,253,277,321,299,0.8167169690132141,car,26
29,59,416,51,430,64,0.8167169690132141,car,26
29,66,514,74,530,82,0.8167169690132141,car,26
29,78,479,310,493,323,0.8167169690132141,car,26
29,79,255,306,308,339,0.8167169690132141,car,26
29,89,349,289,400,315,0.8167169690132141,car,26
29,91,406,389,442,409,0.8167169690132141,car,26
29,92,480,85,494,101,0.8167169690132141,car,26
29,100,615,235,633,255,0.8167169690132141,car,26
29,110,485,71,503,81,0.8167169690132141,car,26
29,111,564,120,583,134,0.8167169690132141,car,26
29,115,662,335,697,405,0.8167169690132141,car,26
29,118,485,104,504,115,0.8167169690132141,car,26
29,119,503,89,512,96,0.8167169690132141,car,26
29,131,263,304,303,325,0.8167169690132141,car,26
29,145,604,343,641,377,0.8167169690132141,car,26
29,155,566,263,618,345,0.8167169690132141,car,26
30,8,560,116,574,124,0.8167169690132141,car,17
30,14,496,96,515,111,0.8167169690132141,car,17
30,29,520,80,540,105,0.8167169690132141,car,17
30,32,258,346,326,381,0.8167169690132141,car,17
30,41,514,101,544,121,0.8167169690132141,car,17
30,52,252,276,322,299,0.8167169690132141,car,17
30,59,416,51,430,64,0.8167169690132141,car,17
30,66,516,74,532,82,0.8167169690132141,car,17
30,79,255,304,310,339,0.8167169690132141,car,17
30,89,350,289,401,315,0.8167169690132141,car,17
30,92,480,85,494,101,0.8167169690132141,car,17
30,110,487,72,505,81,0.8167169690132141,car,17
30,115,664,338,701,407,0.8167169690132141,car,17
30,118,483,103,502,115,0.8167169690132141,car,17
30,119,503,89,512,96,0.8167169690132141,car,17
30,145,604,343,641,377,0.8167169690132141,car,17
30,155,567,265,618,347,0.8167169690132141,car,17
31,8,560,116,574,124,0.8201327919960022,car,22
31,14,497,98,514,112,0.8201327919960022,car,22
31,19,417,52,429,62,0.8201327919960022,car,22
31,24,638,301,665,347,0.8201327919960022,car,22
31,29,520,80,540,105,0.8201327919960022,car,22
31,32,258,346,326,381,0.8201327919960022,car,22
31,41,513,100,544,120,0.8201327919960022,car,22
31,52,251,275,323,299,0.8201327919960022,car,22
31,59,417,50,431,64,0.8201327919960022,car,22
31,66,521,74,535,82,0.8201327919960022,car,22
31,79,258,312,302,339,0.8201327919960022,car,22
31,89,349,289,402,315,0.8201327919960022,car,22
31,92,479,85,493,101,0.8201327919960022,car,22
31,110,493,72,510,81,0.8201327919960022,car,22
31,115,680,360,712,416,0.8201327919960022,car,22
31,118,479,102,500,114,0.8201327919960022,car,22
31,119,503,89,512,97,0.8201327919960022,car,22
31,145,604,343,641,377,0.8201327919960022,car,22
31,155,568,266,619,348,0.8201327919960022,car,22
31,161,461,233,515,255,0.8201327919960022,car,22
31,165,638,386,678,440,0.8201327919960022,car,22
31,168,475,310,530,341,0.8201327919960022,car,22
32,8,560,116,575,124,0.8201327919960022,car,18
32,14,497,99,514,113,0.8201327919960022,car,18
32,19,417,52,429,62,0.8201327919960022,car,18
32,24,638,301,665,347,0.8201327919960022,car,18
32,32,258,346,326,381,0.8201327919960022,car,18
32,41,513,100,544,120,0.8201327919960022,car,18
32,70,419,59,430,66,0.8201327919960022,car,18
32,79,259,315,298,339,0.8201327919960022,car,18
32,89,349,289,403,315,0.8201327919960022,car,18
32,92,479,85,493,101,0.8201327919960022,car,18
32,110,495,73,512,81,0.8201327919960022,car,18
32,115,686,368,715,419,0.8201327919960022,car,18
32,118,478,101,499,114,0.8201327919960022,car,18
32,119,503,89,513,97,0.8201327919960022,car,18
32,145,603,342,641,377,0.8201327919960022,car,18
32,161,461,234,513,255,0.8201327919960022,car,18
32,165,638,387,678,441,0.8201327919960022,car,18
32,168,475,310,530,341,0.8201327919960022,car,18
33,8,560,116,575,124,0.8406974673271179,car,22
33,14,497,98,514,113,0.8406974673271179,car,22
33,19,416,51,429,62,0.8406974673271179,car,22
33,24,638,301,665,347,0.8406974673271179,car,22
33,32,258,346,326,381,0.8406974673271179,car,22
33,41,513,99,543,120,0.8406974673271179,car,22
33,70,420,59,430,66,0.8406974673271179,car,22
33,78,479,310,493,323,0.8406974673271179,car,22
33,79,259,316,297,339,0.8406974673271179,car,22
33,87,632,289,761,433,0.8406974673271179,car,22
33,89,349,288,403,316,0.8406974673271179,car,22
33,92,480,85,494,101,0.8406974673271179,car,22
33,100,615,235,634,255,0.8406974673271179,car,22
33,110,499,70,522,82,0.8406974673271179,car,22
33,115,691,375,720,425,0.8406974673271179,car,22
33,118,475,101,495,113,0.8406974673271179,car,22
33,119,502,89,513,97,0.8406974673271179,car,22
33,145,603,343,642,379,0.8406974673271179,car,22
33,161,462,238,505,255,0.8406974673271179,car,22
33,165,642,393,679,441,0.8406974673271179,car,22
33,168,475,310,531,342,0.8406974673271179,car,22
33,172,597,192,610,206,0.8406974673271179,car,22
34,8,560,116,575,124,0.8406974673271179,car,20
34,14,497,98,514,113,0.8406974673271179,car,20
34,19,416,51,430,62,0.8406974673271179,car,20
34,24,638,301,665,346,0.8406974673271179,car,20
34,32,258,346,326,381,0.8406974673271179,car,20
34,41,513,99,543,120,0.8406974673271179,car,20
34,70,420,59,430,66,0.8406974673271179,car,20
34,78,479,310,493,323,0.8406974673271179,car,20
34,79,259,316,296,339,0.8406974673271179,car,20
34,87,635,292,763,436,0.8406974673271179,car,20
34,89,348,288,403,316,0.8406974673271179,car,20
34,92,480,85,494,101,0.8406974673271179,car,20
34,100,615,235,634,255,0.8406974673271179,car,20
34,110,501,69,526,82,0.8406974673271179,car,20
34,118,473,100,493,112,0.8406974673271179,car,20
34,119,502,89,513,97,0.8406974673271179,car,20
34,145,602,343,642,379,0.8406974673271179,car,20
34,161,462,239,503,255,0.8406974673271179,car,20
34,165,643,395,679,441,0.8406974673271179,car,20
34,172,596,192,608,205,0.8406974673271179,car,20
35,8,560,116,575,124,0.8328348994255066,car,28
35,14,496,97,514,113,0.8328348994255066,car,28
35,16,535,96,567,121,0.8328348994255066,car,28
35,19,416,51,430,62,0.8328348994255066,car,28
35,24,638,301,665,347,0.8328348994255066,car,28
35,29,520,80,540,104,0.8328348994255066,car,28
35,32,258,346,327,381,0.8328348994255066,car,28
35,41,512,98,542,119,0.8328348994255066,car,28
35,45,770,336,811,376,0.8328348994255066,car,28
35,48,281,255,332,277,0.8328348994255066,car,28
35,58,552,248,583,270,0.8328348994255066,car,28
35,70,420,59,430,66,0.8328348994255066,car,28
35,78,479,310,494,324,0.8328348994255066,car,28
35,79,256,308,307,339,0.8328348994255066,car,28
35,87,638,295,769,441,0.8328348994255066,car,28
35,89,347,288,405,316,0.8328348994255066,car,28
35,92,479,85,493,101,0.8328348994255066,car,28
35,100,615,235,634,255,0.8328348994255066,car,28
35,110,504,69,530,82,0.8328348994255066,car,28
35,111,558,116,585,135,0.8328348994255066,car,28
35,118,473,99,492,111,0.8328348994255066,car,28
35,119,502,89,513,97,0.8328348994255066,car,28
35,145,602,344,644,383,0.8328348994255066,car,28
35,161,462,240,500,255,0.8328348994255066,car,28
35,165,646,400,679,441,0.8328348994255066,car,28
35,172,596,192,606,203,0.8328348994255066,car,28
35,180,417,255,459,323,0.8328348994255066,car,28
35,181,257,277,316,300,0.8328348994255066,car,28
36,14,496,96,514,113,0.8328348994255066,car,20
36,16,536,96,567,122,0.8328348994255066,car,20
36,24,638,301,665,347,0.8328348994255066,car,20
36,29,520,80,540,104,0.8328348994255066,car,20
36,32,258,346,327,381,0.8328348994255066,car,20
36,41,511,98,542,119,0.8328348994255066,car,20
36,45,771,336,812,375,0.8328348994255066,car,20
36,48,281,255,332,277,0.8328348994255066,car,20
36,58,552,248,584,270,0.8328348994255066,car,20
36,78,479,310,494,324,0.8328348994255066,car,20
36,79,255,305,310,339,0.8328348994255066,car,20
36,89,347,287,405,317,0.8328348994255066,car,20
36,92,479,85,493,101,0.8328348994255066,car,20
36,100,615,235,634,255,0.8328348994255066,car,20
36,111,558,116,585,135,0.8328348994255066,car,20
36,118,473,98,492,110,0.8328348994255066,car,20
36,145,602,344,644,384,0.8328348994255066,car,20
36,165,647,402,679,441,0.8328348994255066,car,20
36,180,415,256,459,325,0.8328348994255066,car,20
36,181,257,277,316,300,0.8328348994255066,car,20
37,14,496,96,515,113,0.8513936400413513,car,23
37,16,536,96,567,122,0.8513936400413513,car,23
37,24,638,301,665,347,0.8513936400413513,car,23
37,25,347,221,369,244,0.8513936400413513,car,23
37,29,520,80,540,104,0.8513936400413513,car,23
37,32,257,345,326,381,0.8513936400413513,car,23
37,41,510,97,542,119,0.8513936400413513,car,23
37,45,777,338,816,375,0.8513936400413513,car,23
37,48,281,255,333,278,0.8513936400413513,car,23
37,58,554,248,586,270,0.8513936400413513,car,23
37,78,478,310,494,324,0.8513936400413513,car,23
37,79,255,304,312,339,0.8513936400413513,car,23
37,89,349,287,407,317,0.8513936400413513,car,23
37,92,479,85,493,101,0.8513936400413513,car,23
37,100,615,234,634,255,0.8513936400413513,car,23
37,111,558,116,585,135,0.8513936400413513,car,23
37,118,473,97,491,109,0.8513936400413513,car,23
37,131,256,315,299,338,0.8513936400413513,car,23
37,145,606,349,646,387,0.8513936400413513,car,23
37,155,567,268,618,351,0.8513936400413513,car,23
37,165,649,405,679,441,0.8513936400413513,car,23
37,180,411,255,461,334,0.8513936400413513,car,23
37,181,256,276,316,300,0.8513936400413513,car,23
38,14,496,96,514,113,0.8513936400413513,car,18
38,16,536,96,567,122,0.8513936400413513,car,18
38,24,638,301,665,347,0.8513936400413513,car,18
38,25,347,221,369,244,0.8513936400413513,car,18
38,32,257,345,326,381,0.8513936400413513,car,18
38,41,510,97,541,119,0.8513936400413513,car,18
38,48,281,255,333,278,0.8513936400413513,car,18
38,78,478,310,494,325,0.8513936400413513,car,18
38,89,349,287,408,316,0.8513936400413513,car,18
38,92,479,85,493,101,0.8513936400413513,car,18
38,100,615,234,634,255,0.8513936400413513,car,18
38,111,558,116,585,135,0.8513936400413513,car,18
38,118,473,97,490,108,0.8513936400413513,car,18
38,131,256,316,299,339,0.8513936400413513,car,18
38,145,607,351,647,388,0.8513936400413513,car,18
38,155,566,269,619,351,0.8513936400413513,car,18
38,180,410,255,461,337,0.8513936400413513,car,18
38,181,256,276,316,300,0.8513936400413513,car,18
39,14,496,96,514,112,0.8719596862792969,car,18
39,16,536,96,567,122,0.8719596862792969,car,18
39,24,637,301,665,347,0.8719596862792969,car,18
39,25,347,222,369,244,0.8719596862792969,car,18
39,32,257,345,326,381,0.8719596862792969,car,18
39,41,509,97,542,119,0.8719596862792969,car,18
39,48,282,255,333,277,0.8719596862792969,car,18
39,78,479,310,494,324,0.8719596862792969,car,18
39,89,351,285,411,315,0.8719596862792969,car,18
39,92,479,85,494,101,0.8719596862792969,car,18
39,100,615,234,634,255,0.8719596862792969,car,18
39,111,558,116,584,135,0.8719596862792969,car,18
39,118,473,96,490,108,0.8719596862792969,car,18
39,131,253,311,303,339,0.8719596862792969,car,18
39,145,606,352,658,402,0.8719596862792969,car,18
39,155,566,268,619,351,0.8719596862792969,car,18
39,180,408,255,461,340,0.8719596862792969,car,18
39,181,256,276,317,299,0.8719596862792969,car,18
40,14,496,96,514,112,0.8719596862792969,car,17
40,24,637,301,665,347,0.8719596862792969,car,17
40,25,347,222,369,244,0.8719596862792969,car,17
40,32,257,345,326,381,0.8719596862792969,car,17
40,41,509,96,541,120,0.8719596862792969,car,17
40,48,282,255,333,277,0.8719596862792969,car,17
40,70,418,57,432,66,0.8719596862792969,car,17
40,78,479,310,494,324,0.8719596862792969,car,17
40,89,352,284,413,314,0.8719596862792969,car,17
40,92,480,85,494,101,0.8719596862792969,car,17
40,100,615,234,634,255,0.8719596862792969,car,17
40,111,558,116,584,135,0.8719596862792969,car,17
40,118,473,96,489,107,0.8719596862792969,car,17
40,131,252,309,304,339,0.8719596862792969,car,17
40,145,606,353,661,407,0.8719596862792969,car,17
40,155,565,267,619,351,0.8719596862792969,car,17
40,181,256,276,317,299,0.8719596862792969,car,17
41,14,497,96,513,112,0.8357957005500793,car,21
41,24,638,301,665,347,0.8357957005500793,car,21
41,25,347,222,369,244,0.8357957005500793,car,21
41,32,257,346,325,381,0.8357957005500793,car,21
41,41,509,96,541,119,0.8357957005500793,car,21
41,48,282,255,333,277,0.8357957005500793,car,21
41,52,255,278,318,300,0.8357957005500793,car,21
41,55,361,56,373,69,0.8357957005500793,car,21
41,70,418,57,432,66,0.8357957005500793,car,21
41,78,479,310,494,324,0.8357957005500793,car,21
41,89,366,285,422,313,0.8357957005500793,car,21
41,92,479,85,493,101,0.8357957005500793,car,21
41,100,615,235,634,255,0.8357957005500793,car,21
41,111,559,116,584,134,0.8357957005500793,car,21
41,118,471,96,489,108,0.8357957005500793,car,21
41,131,254,311,302,339,0.8357957005500793,car,21
41,145,607,353,663,409,0.8357957005500793,car,21
41,155,568,269,621,351,0.8357957005500793,car,21
41,168,474,308,530,340,0.8357957005500793,car,21
41,180,413,270,470,362,0.8357957005500793,car,21
41,181,256,275,317,299,0.8357957005500793,car,21
42,14,497,96,513,112,0.8357957005500793,car,17
42,24,638,301,665,346,0.8357957005500793,car,17
42,25,347,222,369,244,0.8357957005500793,car,17
42,32,257,346,325,381,0.8357957005500793,car,17
42,41,509,96,541,119,0.8357957005500793,car,17
42,48,282,255,333,277,0.8357957005500793,car,17
42,52,255,279,318,300,0.8357957005500793,car,17
42,55,361,56,373,69,0.8357957005500793,car,17
42,89,371,286,425,312,0.8357957005500793,car,17
42,92,479,85,493,102,0.8357957005500793,car,17
42,100,615,235,634,255,0.8357957005500793,car,17
42,111,559,116,584,134,0.8357957005500793,car,17
42,118,471,96,489,108,0.8357957005500793,car,17
42,131,255,312,301,339,0.8357957005500793,car,17
42,155,569,270,623,351,0.8357957005500793,car,17
42,168,474,308,529,340,0.8357957005500793,car,17
42,180,415,273,471,366,0.8357957005500793,car,17
43,11,637,298,681,347,0.8777220249176025,car,20
43,14,497,96,513,112,0.8777220249176025,car,20
43,24,638,301,665,346,0.8777220249176025,car,20
43,25,347,222,369,244,0.8777220249176025,car,20
43,32,257,346,324,380,0.8777220249176025,car,20
43,41,509,95,540,119,0.8777220249176025,car,20
43,48,282,255,333,277,0.8777220249176025,car,20
43,52,255,279,318,300,0.8777220249176025,car,20
43,55,361,56,372,69,0.8777220249176025,car,20
43,89,382,284,433,310,0.8777220249176025,car,20
43,92,479,85,493,101,0.8777220249176025,car,20
43,100,615,235,634,256,0.8777220249176025,car,20
43,111,559,116,584,134,0.8777220249176025,car,20
43,118,471,96,488,108,0.8777220249176025,car,20
43,131,256,313,300,339,0.8777220249176025,car,20
43,155,569,270,623,352,0.8777220249176025,car,20
43,168,476,309,530,340,0.8777220249176025,car,20
43,180,414,275,472,371,0.8777220249176025,car,20
43,197,538,97,563,112,0.8777220249176025,car,20
43,204,692,226,740,272,0.8777220249176025,car,20
44,11,639,300,681,346,0.8777220249176025,car,18
44,14,497,96,513,112,0.8777220249176025,car,18
44,25,347,221,369,244,0.8777220249176025,car,18
44,32,257,346,324,380,0.8777220249176025,car,18
44,41,509,95,539,119,0.8777220249176025,car,18
44,48,282,255,333,277,0.8777220249176025,car,18
44,55,361,56,372,69,0.8777220249176025,car,18
44,70,419,59,432,66,0.8777220249176025,car,18
44,89,386,284,435,309,0.8777220249176025,car,18
44,92,479,85,493,101,0.8777220249176025,car,18
44,100,615,235,634,256,0.8777220249176025,car,18
44,111,558,116,584,134,0.8777220249176025,car,18
44,118,472,96,488,108,0.8777220249176025,car,18
44,131,256,314,300,339,0.8777220249176025,car,18
44,137,609,282,641,318,0.8777220249176025,car,18
44,168,477,310,530,341,0.8777220249176025,car,18
44,197,538,97,563,112,0.8777220249176025,car,18
44,204,688,223,736,268,0.8777220249176025,car,18
45,11,641,302,681,347,0.8541796803474426,car,22
45,14,497,96,513,112,0.8541796803474426,car,22
45,19,418,55,431,66,0.8541796803474426,car,22
45,25,347,222,369,244,0.8541796803474426,car,22
45,32,256,346,325,381,0.8541796803474426,car,22
45,41,509,95,538,117,0.8541796803474426,car,22
45,48,282,255,333,277,0.8541796803474426,car,22
45,55,361,56,369,65,0.8541796803474426,car,22
45,64,643,396,684,439,0.8541796803474426,car,22
45,70,419,58,432,66,0.8541796803474426,car,22
45,89,389,284,438,309,0.8541796803474426,car,22
45,92,479,85,493,101,0.8541796803474426,car,22
45,100,615,235,634,256,0.8541796803474426,car,22
45,111,559,116,584,134,0.8541796803474426,car,22
45,118,472,96,488,108,0.8541796803474426,car,22
45,131,257,315,298,339,0.8541796803474426,car,22
45,137,610,291,654,345,0.8541796803474426,car,22
45,155,570,275,624,354,0.8541796803474426,car,22
45,168,478,310,530,340,0.8541796803474426,car,22
45,197,538,97,563,111,0.8541796803474426,car,22
45,204,678,214,723,258,0.8541796803474426,car,22
45,205,442,70,470,87,0.8541796803474426,car,22
46,14,497,96,513,112,0.8541796803474426,car,19
46,19,418,56,431,66,0.8541796803474426,car,19
46,25,347,222,369,244,0.8541796803474426,car,19
46,32,256,346,326,381,0.8541796803474426,car,19
46,41,510,95,538,116,0.8541796803474426,car,19
46,48,282,255,333,277,0.8541796803474426,car,19
46,55,361,56,368,63,0.8541796803474426,car,19
46,64,643,396,684,439,0.8541796803474426,car,19
46,92,480,85,494,101,0.8541796803474426,car,19
46,100,615,235,634,255,0.8541796803474426,car,19
46,111,559,116,583,134,0.8541796803474426,car,19
46,118,472,96,488,108,0.8541796803474426,car,19
46,131,257,315,298,339,0.8541796803474426,car,19
46,137,611,294,658,353,0.8541796803474426,car,19
46,155,570,275,624,355,0.8541796803474426,car,19
46,168,478,310,530,340,0.8541796803474426,car,19
46,197,538,96,563,111,0.8541796803474426,car,19
46,204,674,212,720,255,0.8541796803474426,car,19
46,205,439,70,469,88,0.8541796803474426,car,19
47,14,498,97,513,112,0.8602015376091003,car,21
47,19,418,55,431,66,0.8602015376091003,car,21
47,25,347,222,369,244,0.8602015376091003,car,21
47,32,262,347,324,379,0.8602015376091003,car,21
47,41,511,95,536,115,0.8602015376091003,car,21
47,48,282,255,333,277,0.8602015376091003,car,21
47,55,361,56,368,63,0.8602015376091003,car,21
47,64,648,401,688,441,0.8602015376091003,car,21
47,92,480,85,494,102,0.8602015376091003,car,21
47,100,615,235,634,255,0.8602015376091003,car,21
47,111,559,116,584,134,0.8602015376091003,car,21
47,118,472,96,488,108,0.8602015376091003,car,21
47,119,501,89,512,98,0.8602015376091003,car,21
47,131,257,316,297,340,0.8602015376091003,car,21
47,137,622,300,665,354,0.8602015376091003,car,21
47,155,571,280,627,361,0.8602015376091003,car,21
47,168,477,310,530,341,0.8602015376091003,car,21
47,180,425,312,491,422,0.8602015376091003,car,21
47,197,539,97,563,111,0.8602015376091003,car,21
47,204,665,204,708,245,0.8602015376091003,car,21
47,205,435,70,467,89,0.8602015376091003,car,21
48,14,498,97,513,112,0.8602015376091003,car,17
48,19,418,55,431,66,0.8602015376091003,car,17
48,25,347,222,369,244,0.8602015376091003,car,17
48,32,264,348,324,378,0.8602015376091003,car,17
48,41,511,96,536,115,0.8602015376091003,car,17
48,64,649,403,690,441,0.8602015376091003,car,17
48,92,480,85,494,102,0.8602015376091003,car,17
48,100,615,235,634,255,0.8602015376091003,car,17
48,111,559,116,584,134,0.8602015376091003,car,17
48,118,472,96,488,108,0.8602015376091003,car,17
48,119,501,89,513,98,0.8602015376091003,car,17
48,137,627,302,668,354,0.8602015376091003,car,17
48,155,571,281,628,363,0.8602015376091003,car,17
48,168,477,310,530,341,0.8602015376091003,car,17
48,180,426,315,493,427,0.8602015376091003,car,17
48,197,539,97,563,111,0.8602015376091003,car,17
48,204,661,202,705,242,0.8602015376091003,car,17
49,14,497,96,514,113,0.8686538934707642,car,20
49,19,418,55,431,66,0.8686538934707642,car,20
49,25,347,222,369,244,0.8686538934707642,car,20
49,32,265,348,324,378,0.8686538934707642,car,20
49,41,511,95,536,115,0.8686538934707642,car,20
49,64,651,404,691,441,0.8686538934707642,car,20
49,92,480,85,494,101,0.8686538934707642,car,20
49,100,615,235,634,255,0.8686538934707642,car,20
49,111,559,116,584,134,0.8686538934707642,car,20
49,118,473,96,488,107,0.8686538934707642,car,20
49,119,501,89,513,98,0.8686538934707642,car,20
49,137,631,305,673,359,0.8686538934707642,car,20
49,155,571,282,628,364,0.8686538934707642,car,20
49,168,475,310,531,342,0.8686538934707642,car,20
49,180,427,320,495,434,0.8686538934707642,car,20
49,197,539,97,564,112,0.8686538934707642,car,20
49,204,653,195,694,232,0.8686538934707642,car,20
49,230,405,53,417,63,0.8686538934707642,car,20
49,231,610,189,635,210,0.8686538934707642,car,20
49,232,644,226,681,250,0.8686538934707642,car,20
50,14,497,96,514,113,0.8686538934707642,car,13
50,19,418,55,431,66,0.8686538934707642,car,13
50,41,510,95,536,114,0.8686538934707642,car,13
50,92,481,85,494,101,0.8686538934707642,car,13
50,100,615,235,634,255,0.8686538934707642,car,13
50,111,559,116,584,134,0.8686538934707642,car,13
50,118,473,96,488,107,0.8686538934707642,car,13
50,168,475,310,531,343,0.8686538934707642,car,13
50,197,538,97,564,112,0.8686538934707642,car,13
50,204,650,192,690,229,0.8686538934707642,car,13
50,230,405,53,417,63,0.8686538934707642,car,13
50,231,608,187,633,208,0.8686538934707642,car,13
50,232,642,224,679,248,0.8686538934707642,car,13
51,14,497,96,514,113,0.8857240080833435,car,17
51,19,418,55,431,66,0.8857240080833435,car,17
51,29,521,80,540,104,0.8857240080833435,car,17
51,32,264,348,323,378,0.8857240080833435,car,17
51,41,510,94,536,114,0.8857240080833435,car,17
51,92,480,85,494,101,0.8857240080833435,car,17
51,100,615,235,634,255,0.8857240080833435,car,17
51,111,559,116,584,134,0.8857240080833435,car,17
51,118,473,96,488,107,0.8857240080833435,car,17
51,131,257,316,296,339,0.8857240080833435,car,17
51,168,475,310,530,342,0.8857240080833435,car,17
51,197,538,97,564,113,0.8857240080833435,car,17
51,204,641,186,683,224,0.8857240080833435,car,17
51,230,405,53,417,63,0.8857240080833435,car,17
51,231,606,183,629,202,0.8857240080833435,car,17
51,232,636,217,672,241,0.8857240080833435,car,17
51,236,616,296,639,377,0.8857240080833435,car,17
52,14,497,96,514,113,0.8857240080833435,car,17
52,19,418,55,431,66,0.8857240080833435,car,17
52,29,521,80,540,104,0.8857240080833435,car,17
52,32,264,349,323,378,0.8857240080833435,car,17
52,41,510,94,536,114,0.8857240080833435,car,17
52,92,480,85,494,102,0.8857240080833435,car,17
52,100,615,235,634,255,0.8857240080833435,car,17
52,111,559,116,584,134,0.8857240080833435,car,17
52,118,473,96,488,107,0.8857240080833435,car,17
52,131,257,316,296,339,0.8857240080833435,car,17
52,168,475,310,530,342,0.8857240080833435,car,17
52,197,538,97,564,113,0.8857240080833435,car,17
52,204,639,184,680,222,0.8857240080833435,car,17
52,230,406,53,417,63,0.8857240080833435,car,17
52,231,606,182,628,200,0.8857240080833435,car,17
52,232,634,215,670,239,0.8857240080833435,car,17
52,236,617,296,641,379,0.8857240080833435,car,17
53,11,633,301,670,346,0.8920919299125671,car,24
53,14,497,95,514,113,0.8920919299125671,car,24
53,19,420,57,430,66,0.8920919299125671,car,24
53,29,521,80,540,104,0.8920919299125671,car,24
53,32,259,347,325,380,0.8920919299125671,car,24
53,41,510,94,536,115,0.8920919299125671,car,24
53,46,657,368,715,420,0.8920919299125671,car,24
53,48,281,255,333,277,0.8920919299125671,car,24
53,52,257,280,317,300,0.8920919299125671,car,24
53,78,479,310,494,324,0.8920919299125671,car,24
53,92,480,85,494,101,0.8920919299125671,car,24
53,100,615,235,634,255,0.8920919299125671,car,24
53,111,559,116,584,134,0.8920919299125671,car,24
53,118,473,96,488,107,0.8920919299125671,car,24
53,131,257,315,297,339,0.8920919299125671,car,24
53,168,475,310,530,342,0.8920919299125671,car,24
53,197,539,97,564,112,0.8920919299125671,car,24
53,204,633,179,674,217,0.8920919299125671,car,24
53,230,405,53,417,63,0.8920919299125671,car,24
53,231,603,178,623,196,0.8920919299125671,car,24
53,232,629,210,662,232,0.8920919299125671,car,24
53,236,617,295,642,381,0.8920919299125671,car,24
53,247,273,298,334,319,0.8920919299125671,car,24
53,248,535,116,560,127,0.8920919299125671,car,24
54,11,634,301,669,346,0.8920919299125671,car,21
54,14,497,95,514,113,0.8920919299125671,car,21
54,19,421,58,430,66,0.8920919299125671,car,21
54,29,521,80,540,104,0.8920919299125671,car,21
54,32,258,346,326,381,0.8920919299125671,car,21
54,41,510,94,536,115,0.8920919299125671,car,21
54,46,656,368,714,420,0.8920919299125671,car,21
54,48,281,255,333,277,0.8920919299125671,car,21
54,52,257,280,317,300,0.8920919299125671,car,21
54,78,479,310,494,323,0.8920919299125671,car,21
54,92,481,85,494,101,0.8920919299125671,car,21
54,100,615,235,634,255,0.8920919299125671,car,21
54,111,559,116,584,134,0.8920919299125671,car,21
54,118,473,96,488,107,0.8920919299125671,car,21
54,131,257,315,297,339,0.8920919299125671,car,21
54,197,539,97,563,112,0.8920919299125671,car,21
54,230,405,53,417,63,0.8920919299125671,car,21
54,231,602,177,622,195,0.8920919299125671,car,21
54,232,628,208,660,230,0.8920919299125671,car,21
54,247,278,297,340,319,0.8920919299125671,car,21
54,248,534,116,560,126,0.8920919299125671,car,21
55,8,560,116,575,124,0.8891533613204956,car,28
55,9,624,199,649,225,0.8891533613204956,car,28
55,11,633,301,668,346,0.8891533613204956,car,28
55,14,497,95,513,113,0.8891533613204956,car,28
55,19,422,59,430,66,0.8891533613204956,car,28
55,25,348,222,370,244,0.8891533613204956,car,28
55,29,521,80,540,104,0.8891533613204956,car,28
55,32,257,346,325,381,0.8891533613204956,car,28
55,41,509,94,536,115,0.8891533613204956,car,28
55,44,552,259,592,281,0.8891533613204956,car,28
55,46,656,368,713,418,0.8891533613204956,car,28
55,48,281,255,333,277,0.8891533613204956,car,28
55,52,257,279,316,300,0.8891533613204956,car,28
55,59,419,55,430,66,0.8891533613204956,car,28
55,78,479,310,494,323,0.8891533613204956,car,28
55,92,481,85,494,101,0.8891533613204956,car,28
55,100,615,235,634,255,0.8891533613204956,car,28
55,111,559,116,584,134,0.8891533613204956,car,28
55,118,473,96,488,107,0.8891533613204956,car,28
55,131,258,315,297,339,0.8891533613204956,car,28
55,168,475,310,528,341,0.8891533613204956,car,28
55,197,540,97,563,111,0.8891533613204956,car,28
55,230,406,54,418,64,0.8891533613204956,car,28
55,231,598,174,617,191,0.8891533613204956,car,28
55,232,625,205,656,227,0.8891533613204956,car,28
55,247,295,295,364,319,0.8891533613204956,car,28
55,248,533,115,559,126,0.8891533613204956,car,28
55,253,430,282,492,307,0.8891533613204956,car,28
56,8,560,116,575,124,0.8891533613204956,car,20
56,9,624,199,651,226,0.8891533613204956,car,20
56,14,497,96,513,112,0.8891533613204956,car,20
56,25,348,222,370,244,0.8891533613204956,car,20
56,32,257,346,325,381,0.8891533613204956,car,20
56,41,509,94,536,115,0.8891533613204956,car,20
56,44,552,259,593,281,0.8891533613204956,car,20
56,48,281,255,333,277,0.8891533613204956,car,20
56,52,257,279,316,300,0.8891533613204956,car,20
56,59,419,55,430,66,0.8891533613204956,car,20
56,100,615,235,634,255,0.8891533613204956,car,20
56,118,473,96,487,107,0.8891533613204956,car,20
56,131,258,315,297,339,0.8891533613204956,car,20
56,168,475,310,528,341,0.8891533613204956,car,20
56,197,540,97,563,111,0.8891533613204956,car,20
56,230,406,54,418,64,0.8891533613204956,car,20
56,231,596,173,615,190,0.8891533613204956,car,20
56,247,300,294,372,320,0.8891533613204956,car,20
56,248,533,115,559,126,0.8891533613204956,car,20
56,253,435,281,496,306,0.8891533613204956,car,20
57,8,559,116,575,124,0.8834441900253296,car,24
57,9,625,197,654,225,0.8834441900253296,car,24
57,14,497,96,513,112,0.8834441900253296,car,24
57,16,539,97,564,117,0.8834441900253296,car,24
57,25,348,222,370,244,0.8834441900253296,car,24
57,32,256,346,325,381,0.8834441900253296,car,24
57,41,510,94,536,114,0.8834441900253296,car,24
57,44,567,259,610,282,0.8834441900253296,car,24
57,48,281,255,333,277,0.8834441900253296,car,24
57,52,257,279,316,299,0.8834441900253296,car,24
57,59,418,55,430,66,0.8834441900253296,car,24
57,100,613,235,632,255,0.8834441900253296,car,24
57,118,474,96,488,107,0.8834441900253296,car,24
57,131,258,316,297,339,0.8834441900253296,car,24
57,168,475,310,527,340,0.8834441900253296,car,24
57,197,540,97,563,111,0.8834441900253296,car,24
57,204,615,165,650,197,0.8834441900253296,car,24
57,230,406,54,419,64,0.8834441900253296,car,24
57,231,593,170,612,187,0.8834441900253296,car,24
57,232,615,197,648,220,0.8834441900253296,car,24
57,247,315,294,394,322,0.8834441900253296,car,24
57,248,532,115,560,127,0.8834441900253296,car,24
57,253,439,280,502,305,0.8834441900253296,car,24
57,259,650,238,697,260,0.8834441900253296,car,24
58,8,559,116,575,124,0.8834441900253296,car,16
58,9,620,196,644,220,0.8834441900253296,car,16
58,14,497,96,513,112,0.8834441900253296,car,16
58,16,539,97,564,117,0.8834441900253296,car,16
58,41,510,94,536,114,0.8834441900253296,car,16
58,44,571,258,615,282,0.8834441900253296,car,16
58,59,418,55,430,66,0.8834441900253296,car,16
58,100,613,235,632,255,0.8834441900253296,car,16
58,118,474,96,488,107,0.8834441900253296,car,16
58,168,475,310,526,339,0.8834441900253296,car,16
58,204,614,164,648,196,0.8834441900253296,car,16
58,231,592,169,611,186,0.8834441900253296,car,16
58,232,612,193,645,216,0.8834441900253296,car,16
58,247,321,293,402,323,0.8834441900253296,car,16
58,248,532,114,560,127,0.8834441900253296,car,16
58,259,654,238,700,259,0.8834441900253296,car,16
59,8,559,116,575,124,0.8923925757408142,car,27
59,9,619,195,642,217,0.8923925757408142,car,27
59,14,497,96,513,112,0.8923925757408142,car,27
59,16,539,97,564,117,0.8923925757408142,car,27
59,29,520,80,540,104,0.8923925757408142,car,27
59,32,256,346,326,381,0.8923925757408142,car,27
59,38,559,284,586,303,0.8923925757408142,car,27
59,40,609,193,645,236,0.8923925757408142,car,27
59,41,510,94,536,114,0.8923925757408142,car,27
59,44,564,242,632,280,0.8923925757408142,car,27
59,48,281,255,333,277,0.8923925757408142,car,27
59,52,256,278,317,299,0.8923925757408142,car,27
59,59,417,55,430,66,0.8923925757408142,car,27
59,85,649,227,679,249,0.8923925757408142,car,27
59,92,481,85,494,102,0.8923925757408142,car,27
59,100,614,235,632,255,0.8923925757408142,car,27
59,118,474,96,488,107,0.8923925757408142,car,27
59,131,257,314,298,339,0.8923925757408142,car,27
59,168,476,310,526,339,0.8923925757408142,car,27
59,197,537,97,565,113,0.8923925757408142,car,27
59,204,609,158,643,190,0.8923925757408142,car,27
59,231,590,167,608,183,0.8923925757408142,car,27
59,247,340,295,425,327,0.8923925757408142,car,27
59,248,531,115,559,127,0.8923925757408142,car,27
59,259,658,238,703,259,0.8923925757408142,car,27
59,264,390,47,406,62,0.8923925757408142,car,27
59,266,408,35,422,53,0.8923925757408142,car,27
60,14,497,96,513,112,0.8923925757408142,car,23
60,29,520,80,540,104,0.8923925757408142,car,23
60,32,256,346,326,381,0.8923925757408142,car,23
60,38,560,284,588,303,0.8923925757408142,car,23
60,40,610,192,643,233,0.8923925757408142,car,23
60,41,510,94,536,114,0.8923925757408142,car,23
60,44,563,236,638,279,0.8923925757408142,car,23
60,48,281,255,333,277,0.8923925757408142,car,23
60,52,256,278,317,299,0.8923925757408142,car,23
60,59,417,55,430,66,0.8923925757408142,car,23
60,85,650,228,680,250,0.8923925757408142,car,23
60,92,481,85,494,102,0.8923925757408142,car,23
60,100,614,235,632,255,0.8923925757408142,car,23
60,118,474,95,488,107,0.8923925757408142,car,23
60,131,257,314,298,339,0.8923925757408142,car,23
60,168,476,310,526,338,0.8923925757408142,car,23
60,197,537,97,565,114,0.8923925757408142,car,23
60,204,607,156,641,188,0.8923925757408142,car,23
60,231,589,166,607,182,0.8923925757408142,car,23
60,247,348,296,433,329,0.8923925757408142,car,23
60,248,531,115,559,127,0.8923925757408142,car,23
60,264,389,46,406,62,0.8923925757408142,car,23
60,266,408,35,422,53,0.8923925757408142,car,23
61,8,558,115,576,125,0.8237097263336182,car,29
61,14,497,96,513,112,0.8237097263336182,car,29
61,29,520,80,540,105,0.8237097263336182,car,29
61,32,256,346,326,381,0.8237097263336182,car,29
61,38,562,280,598,304,0.8237097263336182,car,29
61,40,605,187,633,220,0.8237097263336182,car,29
61,41,510,94,536,115,0.8237097263336182,car,29
61,44,572,233,645,278,0.8237097263336182,car,29
61,47,354,37,365,46,0.8237097263336182,car,29
61,48,281,255,333,277,0.8237097263336182,car,29
61,52,260,281,313,299,0.8237097263336182,car,29
61,59,419,56,431,66,0.8237097263336182,car,29
61,85,653,230,681,250,0.8237097263336182,car,29
61,92,481,85,494,102,0.8237097263336182,car,29
61,97,455,384,493,402,0.8237097263336182,car,29
61,100,615,235,633,255,0.8237097263336182,car,29
61,109,620,299,810,441,0.8237097263336182,car,29
61,111,565,121,583,134,0.8237097263336182,car,29
61,116,390,308,436,341,0.8237097263336182,car,29
61,118,474,95,488,107,0.8237097263336182,car,29
61,131,257,314,298,339,0.8237097263336182,car,29
61,168,476,310,524,337,0.8237097263336182,car,29
61,197,536,97,566,115,0.8237097263336182,car,29
61,204,607,153,639,183,0.8237097263336182,car,29
61,231,587,164,604,180,0.8237097263336182,car,29
61,247,358,296,446,330,0.8237097263336182,car,29
61,248,532,115,558,126,0.8237097263336182,car,29
61,264,389,46,406,62,0.8237097263336182,car,29
61,266,408,35,422,53,0.8237097263336182,car,29
62,8,558,115,576,125,0.8237097263336182,car,23
62,14,497,96,513,112,0.8237097263336182,car,23
62,32,256,346,326,381,0.8237097263336182,car,23
62,38,562,279,602,304,0.8237097263336182,car,23
62,40,604,187,631,218,0.8237097263336182,car,23
62,41,510,94,536,115,0.8237097263336182,car,23
62,44,577,233,647,277,0.8237097263336182,car,23
62,47,354,36,364,45,0.8237097263336182,car,23
62,48,281,255,333,277,0.8237097263336182,car,23
62,52,261,282,312,299,0.8237097263336182,car,23
62,59,419,56,431,66,0.8237097263336182,car,23
62,92,481,85,494,102,0.8237097263336182,car,23
62,97,455,384,493,402,0.8237097263336182,car,23
62,100,615,235,633,255,0.8237097263336182,car,23
62,109,620,299,811,441,0.8237097263336182,car,23
62,111,566,121,583,134,0.8237097263336182,car,23
62,116,389,304,441,341,0.8237097263336182,car,23
62,118,474,95,488,107,0.8237097263336182,car,23
62,131,257,313,299,339,0.8237097263336182,car,23
62,168,476,310,524,337,0.8237097263336182,car,23
62,197,536,97,566,115,0.8237097263336182,car,23
62,204,608,152,638,182,0.8237097263336182,car,23
62,248,533,115,558,126,0.8237097263336182,car,23
63,8,557,115,576,125,0.858257532119751,car,29
63,11,635,301,668,345,0.858257532119751,car,29
63,14,497,96,513,112,0.858257532119751,car,29
63,22,415,319,456,356,0.858257532119751,car,29
63,32,261,347,326,380,0.858257532119751,car,29
63,38,571,276,614,302,0.858257532119751,car,29
63,40,605,182,627,208,0.858257532119751,car,29
63,41,509,94,536,115,0.858257532119751,car,29
63,44,582,233,648,275,0.858257532119751,car,29
63,47,352,36,362,45,0.858257532119751,car,29
63,48,281,255,333,277,0.858257532119751,car,29
63,52,262,282,312,299,0.858257532119751,car,29
63,59,418,55,431,66,0.858257532119751,car,29
63,92,481,86,494,101,0.858257532119751,car,29
63,97,455,384,493,402,0.858257532119751,car,29
63,100,614,234,635,258,0.858257532119751,car,29
63,109,624,300,813,441,0.858257532119751,car,29
63,111,566,121,583,134,0.858257532119751,car,29
63,116,385,300,438,338,0.858257532119751,car,29
63,118,474,96,488,107,0.858257532119751,car,29
63,131,257,314,298,339,0.858257532119751,car,29
63,155,616,337,689,441,0.858257532119751,car,29
63,168,476,310,525,337,0.858257532119751,car,29
63,197,536,97,566,116,0.858257532119751,car,29
63,204,608,151,634,179,0.858257532119751,car,29
63,248,532,115,558,126,0.858257532119751,car,29
63,266,408,35,422,53,0.858257532119751,car,29
63,272,457,76,484,87,0.858257532119751,car,29
63,273,436,70,457,80,0.858257532119751,car,29
64,8,557,115,575,125,0.858257532119751,car,20
64,11,635,301,667,345,0.858257532119751,car,20
64,14,497,96,513,112,0.858257532119751,car,20
64,22,414,319,459,359,0.858257532119751,car,20
64,32,263,347,326,379,0.858257532119751,car,20
64,38,574,274,619,301,0.858257532119751,car,20
64,40,605,182,627,207,0.858257532119751,car,20
64,41,509,94,536,116,0.858257532119751,car,20
64,44,584,233,647,275,0.858257532119751,car,20
64,59,417,55,431,66,0.858257532119751,car,20
64,92,481,86,494,101,0.858257532119751,car,20
64,100,614,234,636,259,0.858257532119751,car,20
64,118,474,96,488,107,0.858257532119751,car,20
64,131,257,314,298,339,0.858257532119751,car,20
64,155,617,339,691,441,0.858257532119751,car,20
64,168,476,310,526,337,0.858257532119751,car,20
64,204,608,151,632,178,0.858257532119751,car,20
64,266,408,35,422,53,0.858257532119751,car,20
64,272,459,75,487,87,0.858257532119751,car,20
64,273,434,70,455,80,0.858257532119751,car,20
65,8,556,114,575,125,0.8467006683349609,car,27
65,11,635,301,667,345,0.8467006683349609,car,27
65,14,497,96,513,112,0.8467006683349609,car,27
65,22,412,316,464,363,0.8467006683349609,car,27
65,29,520,80,540,105,0.8467006683349609,car,27
65,32,263,347,326,379,0.8467006683349609,car,27
65,38,583,272,633,300,0.8467006683349609,car,27
65,40,605,178,622,197,0.8467006683349609,car,27
65,41,510,94,536,115,0.8467006683349609,car,27
65,44,587,233,647,273,0.8467006683349609,car,27
65,59,417,55,431,66,0.8467006683349609,car,27
65,85,665,265,701,292,0.8467006683349609,car,27
65,87,434,337,477,384,0.8467006683349609,car,27
65,92,481,86,494,102,0.8467006683349609,car,27
65,100,614,234,636,259,0.8467006683349609,car,27
65,111,565,121,583,134,0.8467006683349609,car,27
65,118,474,96,487,107,0.8467006683349609,car,27
65,131,258,314,297,339,0.8467006683349609,car,27
65,155,619,344,691,441,0.8467006683349609,car,27
65,168,476,310,527,338,0.8467006683349609,car,27
65,197,538,97,565,114,0.8467006683349609,car,27
65,204,607,149,623,166,0.8467006683349609,car,27
65,266,408,35,422,53,0.8467006683349609,car,27
65,272,460,71,497,87,0.8467006683349609,car,27
65,273,428,71,448,81,0.8467006683349609,car,27
65,279,596,193,614,208,0.8467006683349609,car,27
65,280,629,207,655,226,0.8467006683349609,car,27
66,8,555,114,575,125,0.8467006683349609,car,25
66,11,636,301,667,345,0.8467006683349609,car,25
66,14,497,96,513,112,0.8467006683349609,car,25
66,18,604,178,622,196,0.8467006683349609,car,25
66,29,520,80,540,105,0.8467006683349609,car,25
66,32,263,347,326,380,0.8467006683349609,car,25
66,38,586,270,638,300,0.8467006683349609,car,25
66,40,605,175,618,190,0.8467006683349609,car,25
66,41,510,94,536,115,0.8467006683349609,car,25
66,44,588,233,646,273,0.8467006683349609,car,25
66,59,416,54,430,66,0.8467006683349609,car,25
66,85,666,268,702,295,0.8467006683349609,car,25
66,87,432,336,473,383,0.8467006683349609,car,25
66,92,481,86,494,102,0.8467006683349609,car,25
66,111,565,121,583,134,0.8467006683349609,car,25
66,118,474,96,487,107,0.8467006683349609,car,25
66,131,258,314,297,338,0.8467006683349609,car,25
66,155,620,346,692,441,0.8467006683349609,car,25
66,168,476,310,527,338,0.8467006683349609,car,25
66,197,538,97,565,113,0.8467006683349609,car,25
66,204,607,149,620,162,0.8467006683349609,car,25
66,272,460,70,501,87,0.8467006683349609,car,25
66,273,426,72,446,81,0.8467006683349609,car,25
66,279,595,191,613,207,0.8467006683349609,car,25
66,280,628,206,654,224,0.8467006683349609,car,25
67,8,555,114,574,125,0.8413770794868469,car,30
67,11,636,301,667,346,0.8413770794868469,car,30
67,14,497,96,512,112,0.8413770794868469,car,30
67,18,607,183,625,200,0.8413770794868469,car,30
67,25,347,221,370,245,0.8413770794868469,car,30
67,29,520,80,540,105,0.8413770794868469,car,30
67,32,260,347,326,380,0.8413770794868469,car,30
67,36,647,246,673,271,0.8413770794868469,car,30
67,38,590,270,642,299,0.8413770794868469,car,30
67,41,510,94,536,115,0.8413770794868469,car,30
67,44,591,230,652,272,0.8413770794868469,car,30
67,48,282,255,333,277,0.8413770794868469,car,30
67,59,416,54,430,66,0.8413770794868469,car,30
67,85,668,275,706,302,0.8413770794868469,car,30
67,87,425,337,462,380,0.8413770794868469,car,30
67,92,481,84,493,100,0.8413770794868469,car,30
67,100,615,235,634,256,0.8413770794868469,car,30
67,111,566,121,583,134,0.8413770794868469,car,30
67,118,474,96,487,107,0.8413770794868469,car,30
67,119,502,89,512,97,0.8413770794868469,car,30
67,131,258,315,298,339,0.8413770794868469,car,30
67,155,622,350,695,441,0.8413770794868469,car,30
67,168,476,310,527,338,0.8413770794868469,car,30
67,197,539,97,564,112,0.8413770794868469,car,30
67,204,605,147,616,158,0.8413770794868469,car,30
67,272,462,69,505,87,0.8413770794868469,car,30
67,273,423,72,443,81,0.8413770794868469,car,30
67,279,594,190,611,205,0.8413770794868469,car,30
67,280,626,204,651,222,0.8413770794868469,car,30
67,282,645,231,669,249,0.8413770794868469,car,30
68,8,555,114,574,124,0.8413770794868469,car,16
68,11,636,301,667,346,0.8413770794868469,car,16
68,14,497,96,511,112,0.8413770794868469,car,16
68,18,607,184,626,201,0.8413770794868469,car,16
68,25,347,221,369,245,0.8413770794868469,car,16
68,32,259,346,326,381,0.8413770794868469,car,16
68,36,647,246,674,272,0.8413770794868469,car,16
68,48,282,255,333,276,0.8413770794868469,car,16
68,92,480,84,492,99,0.8413770794868469,car,16
68,100,615,235,634,256,0.8413770794868469,car,16
68,118,474,96,487,108,0.8413770794868469,car,16
68,119,502,89,512,97,0.8413770794868469,car,16
68,131,258,315,298,339,0.8413770794868469,car,16
68,168,476,310,527,338,0.8413770794868469,car,16
68,197,539,97,564,112,0.8413770794868469,car,16
68,282,644,228,670,248,0.8413770794868469,car,16
69,8,555,114,574,124,0.8175671696662903,car,34
69,11,636,301,666,346,0.8175671696662903,car,34
69,14,497,96,511,112,0.8175671696662903,car,34
69,18,607,184,626,201,0.8175671696662903,car,34
69,25,347,221,369,245,0.8175671696662903,car,34
69,32,259,347,325,380,0.8175671696662903,car,34
69,36,646,245,674,272,0.8175671696662903,car,34
69,48,281,255,333,277,0.8175671696662903,car,34
69,52,259,281,314,299,0.8175671696662903,car,34
69,59,417,55,431,66,0.8175671696662903,car,34
69,92,480,84,492,99,0.8175671696662903,car,34
69,100,614,235,632,255,0.8175671696662903,car,34
69,118,474,96,487,108,0.8175671696662903,car,34
69,119,502,89,512,97,0.8175671696662903,car,34
69,131,258,315,298,339,0.8175671696662903,car,34
69,168,476,310,527,338,0.8175671696662903,car,34
69,197,539,97,564,112,0.8175671696662903,car,34
69,282,644,225,672,246,0.8175671696662903,car,34
69,285,378,123,392,139,0.8175671696662903,car,34
69,286,430,73,448,83,0.8175671696662903,car,34
69,287,421,77,432,89,0.8175671696662903,car,34
69,288,368,143,386,163,0.8175671696662903,car,34
69,289,337,71,365,82,0.8175671696662903,car,34
69,290,429,95,443,108,0.8175671696662903,car,34
69,291,602,199,620,215,0.8175671696662903,car,34
69,292,487,108,497,117,0.8175671696662903,car,34
69,295,615,197,641,216,0.8175671696662903,car,34
69,297,455,72,474,81,0.8175671696662903,car,34
69,299,534,115,556,123,0.8175671696662903,car,34
69,302,313,76,335,87,0.8175671696662903,car,34
69,305,667,218,696,235,0.8175671696662903,car,34
69,306,626,230,657,255,0.8175671696662903,car,34
69,307,632,211,659,229,0.8175671696662903,car,34
69,308,609,213,635,234,0.8175671696662903,car,34
70,8,555,114,574,124,0.8175671696662903,car,33
70,11,636,301,666,346,0.8175671696662903,car,33
70,14,497,96,511,112,0.8175671696662903,car,33
70,18,607,185,626,201,0.8175671696662903,car,33
70,25,347,222,369,245,0.8175671696662903,car,33
70,32,259,347,325,380,0.8175671696662903,car,33
70,36,646,244,674,272,0.8175671696662903,car,33
70,48,281,255,333,277,0.8175671696662903,car,33
70,52,259,281,314,299,0.8175671696662903,car,33
70,59,418,55,432,66,0.8175671696662903,car,33
70,92,480,84,492,99,0.8175671696662903,car,33
70,100,614,235,631,255,0.8175671696662903,car,33
70,118,474,96,487,108,0.8175671696662903,car,33
70,119,502,89,512,97,0.8175671696662903,car,33
70,131,258,315,298,339,0.8175671696662903,car,33
70,168,476,310,526,338,0.8175671696662903,car,33
70,197,539,97,563,112,0.8175671696662903,car,33
70,285,378,125,392,141,0.8175671696662903,car,33
70,286,429,73,447,84,0.8175671696662903,car,33
70,287,422,78,432,90,0.8175671696662903,car,33
70,288,368,144,387,165,0.8175671696662903,car,33
70,289,337,71,365,82,0.8175671696662903,car,33
70,290,430,95,444,109,0.8175671696662903,car,33
70,291,602,199,620,215,0.8175671696662903,car,33
70,292,487,108,497,117,0.8175671696662903,car,33
70,295,615,197,641,216,0.8175671696662903,car,33
70,297,455,72,475,81,0.8175671696662903,car,33
70,299,533,115,556,123,0.8175671696662903,car,33
70,302,313,76,334,87,0.8175671696662903,car,33
70,305,667,218,696,236,0.8175671696662903,car,33
70,306,626,230,657,255,0.8175671696662903,car,33
70,307,632,211,659,229,0.8175671696662903,car,33
70,308,609,213,635,234,0.8175671696662903,car,33
71,8,555,114,574,124,0.8048922419548035,car,36
71,11,636,301,666,346,0.8048922419548035,car,36
71,14,497,96,511,112,0.8048922419548035,car,36
71,18,607,185,627,201,0.8048922419548035,car,36
71,25,347,222,369,245,0.8048922419548035,car,36
71,32,258,346,326,381,0.8048922419548035,car,36
71,36,646,244,675,272,0.8048922419548035,car,36
71,41,508,94,538,119,0.8048922419548035,car,36
71,48,281,255,333,277,0.8048922419548035,car,36
71,52,259,281,315,299,0.8048922419548035,car,36
71,59,418,55,432,66,0.8048922419548035,car,36
71,92,480,83,493,99,0.8048922419548035,car,36
71,100,615,235,633,255,0.8048922419548035,car,36
71,109,642,224,723,286,0.8048922419548035,car,36
71,111,565,121,584,134,0.8048922419548035,car,36
71,118,473,96,487,108,0.8048922419548035,car,36
71,119,502,89,512,97,0.8048922419548035,car,36
71,131,258,315,298,339,0.8048922419548035,car,36
71,168,475,310,527,338,0.8048922419548035,car,36
71,197,539,97,563,112,0.8048922419548035,car,36
71,285,379,130,394,146,0.8048922419548035,car,36
71,286,427,74,445,84,0.8048922419548035,car,36
71,287,423,80,433,92,0.8048922419548035,car,36
71,288,368,145,389,169,0.8048922419548035,car,36
71,289,339,72,365,82,0.8048922419548035,car,36
71,290,433,99,447,112,0.8048922419548035,car,36
71,291,602,199,619,215,0.8048922419548035,car,36
71,292,487,109,497,117,0.8048922419548035,car,36
71,295,615,197,641,216,0.8048922419548035,car,36
71,297,455,72,475,82,0.8048922419548035,car,36
71,299,534,115,556,123,0.8048922419548035,car,36
71,302,313,76,334,87,0.8048922419548035,car,36
71,305,667,218,695,234,0.8048922419548035,car,36
71,306,626,231,657,255,0.8048922419548035,car,36
71,307,631,211,658,229,0.8048922419548035,car,36
71,308,609,213,635,234,0.8048922419548035,car,36
72,8,555,114,574,124,0.8048922419548035,car,32
72,11,637,301,666,346,0.8048922419548035,car,32
72,14,497,96,511,112,0.8048922419548035,car,32
72,18,607,184,627,201,0.8048922419548035,car,32
72,25,347,222,369,245,0.8048922419548035,car,32
72,32,258,346,326,381,0.8048922419548035,car,32
72,41,508,94,538,120,0.8048922419548035,car,32
72,48,281,255,333,277,0.8048922419548035,car,32
72,52,258,281,315,299,0.8048922419548035,car,32
72,59,418,55,432,66,0.8048922419548035,car,32
72,92,480,83,493,99,0.8048922419548035,car,32
72,100,615,235,634,255,0.8048922419548035,car,32
72,109,642,222,721,283,0.8048922419548035,car,32
72,111,565,121,584,134,0.8048922419548035,car,32
72,118,473,96,487,108,0.8048922419548035,car,32
72,119,502,89,512,97,0.8048922419548035,car,32
72,131,258,315,298,339,0.8048922419548035,car,32
72,168,475,310,527,338,0.8048922419548035,car,32
72,197,539,97,563,112,0.8048922419548035,car,32
72,285,380,132,394,148,0.8048922419548035,car,32
72,287,423,81,433,92,0.8048922419548035,car,32
72,289,340,72,365,82,0.8048922419548035,car,32
72,290,434,99,448,113,0.8048922419548035,car,32
72,291,601,199,619,215,0.8048922419548035,car,32
72,292,487,109,497,117,0.8048922419548035,car,32
72,295,615,197,641,216,0.8048922419548035,car,32
72,297,455,72,476,82,0.8048922419548035,car,32
72,299,534,115,556,123,0.8048922419548035,car,32
72,305,667,218,694,234,0.8048922419548035,car,32
72,306,626,231,657,255,0.8048922419548035,car,32
72,307,631,211,658,229,0.8048922419548035,car,32
72,308,609,213,635,234,0.8048922419548035,car,32
73,8,555,114,574,124,0.7797171473503113,car,35
73,11,636,301,666,346,0.7797171473503113,car,35
73,14,497,96,511,112,0.7797171473503113,car,35
73,18,607,184,627,201,0.7797171473503113,car,35
73,25,347,222,369,245,0.7797171473503113,car,35
73,32,257,346,326,381,0.7797171473503113,car,35
73,41,508,94,538,119,0.7797171473503113,car,35
73,48,281,255,333,277,0.7797171473503113,car,35
73,52,258,281,315,299,0.7797171473503113,car,35
73,59,418,55,431,66,0.7797171473503113,car,35
73,92,480,83,493,99,0.7797171473503113,car,35
73,100,616,235,635,255,0.7797171473503113,car,35
73,109,646,225,717,279,0.7797171473503113,car,35
73,111,565,121,584,134,0.7797171473503113,car,35
73,118,471,96,488,110,0.7797171473503113,car,35
73,119,502,90,512,97,0.7797171473503113,car,35
73,131,258,314,298,339,0.7797171473503113,car,35
73,168,475,310,527,339,0.7797171473503113,car,35
73,197,538,96,564,112,0.7797171473503113,car,35
73,248,534,115,556,125,0.7797171473503113,car,35
73,285,380,134,395,151,0.7797171473503113,car,35
73,287,424,79,437,94,0.7797171473503113,car,35
73,289,340,72,365,82,0.7797171473503113,car,35
73,290,437,103,451,117,0.7797171473503113,car,35
73,291,599,199,617,216,0.7797171473503113,car,35
73,292,487,109,496,117,0.7797171473503113,car,35
73,295,616,197,642,216,0.7797171473503113,car,35
73,297,455,72,476,82,0.7797171473503113,car,35
73,299,534,115,556,123,0.7797171473503113,car,35
73,305,668,218,692,232,0.7797171473503113,car,35
73,306,626,231,656,255,0.7797171473503113,car,35
73,307,632,211,658,229,0.7797171473503113,car,35
73,308,610,213,636,234,0.7797171473503113,car,35
73,310,441,69,466,80,0.7797171473503113,car,35
73,311,502,63,523,72,0.7797171473503113,car,35
74,8,555,114,574,124,0.7797171473503113,car,30
74,14,497,96,511,112,0.7797171473503113,car,30
74,18,607,184,628,201,0.7797171473503113,car,30
74,25,347,222,369,245,0.7797171473503113,car,30
74,32,257,346,326,381,0.7797171473503113,car,30
74,41,509,94,538,119,0.7797171473503113,car,30
74,48,281,255,333,277,0.7797171473503113,car,30
74,52,258,281,315,299,0.7797171473503113,car,30
74,59,417,55,431,66,0.7797171473503113,car,30
74,92,480,83,493,99,0.7797171473503113,car,30
74,100,616,235,635,255,0.7797171473503113,car,30
74,109,647,226,716,279,0.7797171473503113,car,30
74,118,471,96,489,111,0.7797171473503113,car,30
74,119,502,90,512,97,0.7797171473503113,car,30
74,131,258,314,298,339,0.7797171473503113,car,30
74,168,475,310,528,339,0.7797171473503113,car,30
74,197,538,96,564,113,0.7797171473503113,car,30
74,248,534,115,556,125,0.7797171473503113,car,30
74,287,424,78,439,95,0.7797171473503113,car,30
74,290,438,105,452,119,0.7797171473503113,car,30
74,291,598,199,617,216,0.7797171473503113,car,30
74,292,487,109,497,117,0.7797171473503113,car,30
74,295,617,197,643,216,0.7797171473503113,car,30
74,297,455,72,476,82,0.7797171473503113,car,30
74,305,668,218,692,232,0.7797171473503113,car,30
74,306,626,231,656,255,0.7797171473503113,car,30
74,307,632,211,658,229,0.7797171473503113,car,30
74,308,610,214,636,234,0.7797171473503113,car,30
74,310,440,69,467,81,0.7797171473503113,car,30
74,311,502,63,521,71,0.7797171473503113,car,30
75,8,555,114,574,124,0.8116714954376221,car,33
75,14,497,96,511,112,0.8116714954376221,car,33
75,18,606,184,627,201,0.8116714954376221,car,33
75,25,347,222,369,245,0.8116714954376221,car,33
75,32,257,346,326,381,0.8116714954376221,car,33
75,41,509,94,537,119,0.8116714954376221,car,33
75,48,281,255,333,277,0.8116714954376221,car,33
75,52,257,281,316,299,0.8116714954376221,car,33
75,59,417,55,431,66,0.8116714954376221,car,33
75,92,480,83,492,98,0.8116714954376221,car,33
75,100,616,235,636,255,0.8116714954376221,car,33
75,109,644,222,718,279,0.8116714954376221,car,33
75,118,471,96,489,112,0.8116714954376221,car,33
75,119,502,89,512,96,0.8116714954376221,car,33
75,131,258,314,298,339,0.8116714954376221,car,33
75,168,474,310,528,339,0.8116714954376221,car,33
75,197,538,96,564,113,0.8116714954376221,car,33
75,248,534,115,556,124,0.8116714954376221,car,33
75,285,382,144,398,162,0.8116714954376221,car,33
75,287,425,83,438,98,0.8116714954376221,car,33
75,290,441,109,455,123,0.8116714954376221,car,33
75,291,600,199,619,216,0.8116714954376221,car,33
75,292,487,109,497,117,0.8116714954376221,car,33
75,295,616,197,642,216,0.8116714954376221,car,33
75,297,455,72,475,82,0.8116714954376221,car,33
75,305,669,218,691,231,0.8116714954376221,car,33
75,306,626,232,656,255,0.8116714954376221,car,33
75,307,632,211,659,229,0.8116714954376221,car,33
75,308,610,214,636,234,0.8116714954376221,car,33
75,310,438,70,467,83,0.8116714954376221,car,33
75,311,498,63,518,72,0.8116714954376221,car,33
75,313,406,53,418,63,0.8116714954376221,car,33
75,315,650,200,665,214,0.8116714954376221,car,33
76,8,555,114,574,124,0.8116714954376221,car,31
76,14,497,96,511,112,0.8116714954376221,car,31
76,18,606,184,627,200,0.8116714954376221,car,31
76,25,347,222,369,245,0.8116714954376221,car,31
76,32,257,346,326,381,0.8116714954376221,car,31
76,41,509,94,537,118,0.8116714954376221,car,31
76,48,281,255,333,277,0.8116714954376221,car,31
76,52,257,280,316,299,0.8116714954376221,car,31
76,92,480,83,492,97,0.8116714954376221,car,31
76,100,616,235,636,255,0.8116714954376221,car,31
76,109,643,221,719,279,0.8116714954376221,car,31
76,118,471,96,489,112,0.8116714954376221,car,31
76,119,502,89,512,96,0.8116714954376221,car,31
76,131,257,314,298,339,0.8116714954376221,car,31
76,168,474,310,528,339,0.8116714954376221,car,31
76,197,539,96,564,112,0.8116714954376221,car,31
76,248,534,115,556,124,0.8116714954376221,car,31
76,285,382,145,399,163,0.8116714954376221,car,31
76,287,425,85,438,99,0.8116714954376221,car,31
76,290,442,110,456,124,0.8116714954376221,car,31
76,291,601,199,620,216,0.8116714954376221,car,31
76,292,487,109,497,117,0.8116714954376221,car,31
76,295,615,197,641,216,0.8116714954376221,car,31
76,297,455,72,475,82,0.8116714954376221,car,31
76,305,668,218,691,231,0.8116714954376221,car,31
76,306,626,232,656,255,0.8116714954376221,car,31
76,307,632,211,659,229,0.8116714954376221,car,31
76,308,610,214,636,234,0.8116714954376221,car,31
76,311,498,63,518,72,0.8116714954376221,car,31
76,313,406,53,418,63,0.8116714954376221,car,31
76,315,650,200,665,214,0.8116714954376221,car,31
77,8,555,114,574,124,0.7988830208778381,car,38
77,14,497,96,511,112,0.7988830208778381,car,38
77,18,606,184,627,201,0.7988830208778381,car,38
77,25,347,222,369,244,0.7988830208778381,car,38
77,29,521,80,540,104,0.7988830208778381,car,38
77,32,257,345,326,381,0.7988830208778381,car,38
77,36,646,245,673,271,0.7988830208778381,car,38
77,41,510,94,536,117,0.7988830208778381,car,38
77,48,281,255,333,277,0.7988830208778381,car,38
77,52,258,281,315,299,0.7988830208778381,car,38
77,92,480,83,492,98,0.7988830208778381,car,38
77,100,615,235,634,255,0.7988830208778381,car,38
77,101,386,146,397,171,0.7988830208778381,car,38
77,109,643,218,717,275,0.7988830208778381,car,38
77,118,473,96,487,109,0.7988830208778381,car,38
77,119,502,89,513,96,0.7988830208778381,car,38
77,131,257,314,298,339,0.7988830208778381,car,38
77,139,676,229,717,275,0.7988830208778381,car,38
77,168,474,310,527,339,0.7988830208778381,car,38
77,197,539,96,564,113,0.7988830208778381,car,38
77,248,534,115,555,124,0.7988830208778381,car,38
77,285,383,148,400,167,0.7988830208778381,car,38
77,286,414,72,433,83,0.7988830208778381,car,38
77,287,427,87,439,101,0.7988830208778381,car,38
77,290,445,115,460,129,0.7988830208778381,car,38
77,291,598,199,618,216,0.7988830208778381,car,38
77,292,487,109,497,117,0.7988830208778381,car,38
77,295,615,197,641,216,0.7988830208778381,car,38
77,297,455,72,475,82,0.7988830208778381,car,38
77,305,668,218,691,231,0.7988830208778381,car,38
77,306,626,232,656,255,0.7988830208778381,car,38
77,307,632,211,659,229,0.7988830208778381,car,38
77,308,610,214,636,234,0.7988830208778381,car,38
77,311,492,63,514,73,0.7988830208778381,car,38
77,313,406,53,417,63,0.7988830208778381,car,38
77,315,650,200,665,214,0.7988830208778381,car,38
77,316,677,279,717,307,0.7988830208778381,car,38
77,317,378,179,400,205,0.7988830208778381,car,38
78,8,555,114,574,124,0.7988830208778381,car,35
78,14,497,96,511,112,0.7988830208778381,car,35
78,18,606,184,627,201,0.7988830208778381,car,35
78,25,347,222,369,244,0.7988830208778381,car,35
78,29,521,80,540,104,0.7988830208778381,car,35
78,32,257,345,326,380,0.7988830208778381,car,35
78,36,646,245,673,271,0.7988830208778381,car,35
78,41,510,94,536,117,0.7988830208778381,car,35
78,48,281,255,333,277,0.7988830208778381,car,35
78,52,258,281,315,299,0.7988830208778381,car,35
78,92,480,83,492,99,0.7988830208778381,car,35
78,100,614,235,634,255,0.7988830208778381,car,35
78,101,385,146,397,170,0.7988830208778381,car,35
78,118,473,96,486,108,0.7988830208778381,car,35
78,119,502,89,513,96,0.7988830208778381,car,35
78,131,257,314,298,339,0.7988830208778381,car,35
78,139,672,228,718,279,0.7988830208778381,car,35
78,168,474,310,527,339,0.7988830208778381,car,35
78,197,539,96,564,113,0.7988830208778381,car,35
78,248,534,115,555,124,0.7988830208778381,car,35
78,286,413,71,433,83,0.7988830208778381,car,35
78,287,427,88,440,102,0.7988830208778381,car,35
78,290,446,116,461,130,0.7988830208778381,car,35
78,291,597,199,617,216,0.7988830208778381,car,35
78,292,487,109,497,117,0.7988830208778381,car,35
78,295,615,197,641,216,0.7988830208778381,car,35
78,297,455,72,474,82,0.7988830208778381,car,35
78,305,668,218,691,231,0.7988830208778381,car,35
78,306,626,232,656,255,0.7988830208778381,car,35
78,307,632,211,659,229,0.7988830208778381,car,35
78,308,610,214,636,234,0.7988830208778381,car,35
78,311,490,63,513,73,0.7988830208778381,car,35
78,313,406,53,417,62,0.7988830208778381,car,35
78,316,676,278,715,305,0.7988830208778381,car,35
78,317,377,180,402,208,0.7988830208778381,car,35
79,8,555,114,574,124,0.8333467245101929,car,40
79,11,637,301,666,346,0.8333467245101929,car,40
79,14,497,96,511,112,0.8333467245101929,car,40
79,18,606,184,628,200,0.8333467245101929,car,40
79,25,347,221,369,245,0.8333467245101929,car,40
79,29,520,80,540,103,0.8333467245101929,car,40
79,32,258,346,326,380,0.8333467245101929,car,40
79,36,646,245,673,271,0.8333467245101929,car,40
79,41,509,94,537,118,0.8333467245101929,car,40
79,48,281,255,333,277,0.8333467245101929,car,40
79,52,258,281,315,299,0.8333467245101929,car,40
79,70,420,60,431,66,0.8333467245101929,car,40
79,92,479,83,492,99,0.8333467245101929,car,40
79,100,615,235,635,255,0.8333467245101929,car,40
79,101,385,143,396,166,0.8333467245101929,car,40
79,111,565,121,584,133,0.8333467245101929,car,40
79,118,473,96,486,107,0.8333467245101929,car,40
79,119,502,89,513,97,0.8333467245101929,car,40
79,131,257,314,298,339,0.8333467245101929,car,40
79,139,651,220,716,288,0.8333467245101929,car,40
79,168,475,310,528,339,0.8333467245101929,car,40
79,197,539,96,564,113,0.8333467245101929,car,40
79,248,534,115,555,124,0.8333467245101929,car,40
79,286,411,71,431,83,0.8333467245101929,car,40
79,287,430,91,442,105,0.8333467245101929,car,40
79,289,343,72,371,83,0.8333467245101929,car,40
79,290,449,121,464,135,0.8333467245101929,car,40
79,291,600,199,620,215,0.8333467245101929,car,40
79,292,485,107,498,117,0.8333467245101929,car,40
79,295,615,197,641,216,0.8333467245101929,car,40
79,297,450,71,471,82,0.8333467245101929,car,40
79,299,534,115,557,124,0.8333467245101929,car,40
79,305,669,218,692,231,0.8333467245101929,car,40
79,306,626,231,656,256,0.8333467245101929,car,40
79,307,632,211,658,229,0.8333467245101929,car,40
79,308,610,214,635,233,0.8333467245101929,car,40
79,311,485,63,510,74,0.8333467245101929,car,40
79,313,406,53,417,62,0.8333467245101929,car,40
79,316,671,275,711,303,0.8333467245101929,car,40
79,317,377,180,404,211,0.8333467245101929,car,40
80,8,555,114,574,124,0.8333467245101929,car,34
80,11,637,301,666,346,0.8333467245101929,car,34
80,14,497,96,511,112,0.8333467245101929,car,34
80,18,607,184,628,200,0.8333467245101929,car,34
80,25,347,221,369,245,0.8333467245101929,car,34
80,29,520,80,540,103,0.8333467245101929,car,34
80,32,259,346,326,380,0.8333467245101929,car,34
80,41,509,94,537,119,0.8333467245101929,car,34
80,48,282,255,333,277,0.8333467245101929,car,34
80,52,258,281,315,299,0.8333467245101929,car,34
80,70,420,60,431,66,0.8333467245101929,car,34
80,100,615,235,635,255,0.8333467245101929,car,34
80,111,565,121,584,133,0.8333467245101929,car,34
80,118,474,96,486,107,0.8333467245101929,car,34
80,119,502,89,513,97,0.8333467245101929,car,34
80,131,257,314,298,339,0.8333467245101929,car,34
80,139,643,218,715,291,0.8333467245101929,car,34
80,168,475,310,529,339,0.8333467245101929,car,34
80,197,539,96,564,113,0.8333467245101929,car,34
80,287,430,92,443,106,0.8333467245101929,car,34
80,289,343,72,371,83,0.8333467245101929,car,34
80,290,450,122,466,137,0.8333467245101929,car,34
80,291,601,199,620,215,0.8333467245101929,car,34
80,292,485,106,499,117,0.8333467245101929,car,34
80,295,615,197,641,216,0.8333467245101929,car,34
80,297,448,71,470,82,0.8333467245101929,car,34
80,299,534,115,557,124,0.8333467245101929,car,34
80,305,669,218,693,231,0.8333467245101929,car,34
80,306,625,231,657,257,0.8333467245101929,car,34
80,307,632,211,658,229,0.8333467245101929,car,34
80,308,610,214,635,233,0.8333467245101929,car,34
80,311,484,63,509,74,0.8333467245101929,car,34
80,313,406,53,417,62,0.8333467245101929,car,34
80,316,670,274,710,303,0.8333467245101929,car,34
